Subject	TrialId	bin	pupil_change
1091	1	-200	0.015098502304147412
1091	1	-150	0.009987645161290434
1091	1	-100	-0.004833688172042994
1091	1	-50	0.01805231182795697
1091	1	0	-0.040821188172043055
1091	1	50	-0.020079021505376327
1091	1	100	-0.05577452150537635
1091	1	150	-0.023498354838709695
1091	1	200	-0.015639688172043014
1091	1	250	-0.003054021505376333
1091	1	300	-0.03680768817204294
1091	1	350	0.01476014516129028
1091	1	400	-0.06012052150537631
1091	1	450	-0.04310985483870966
1091	1	500	-0.02793702150537632
1091	1	550	0.007916311827957045
1091	1	600	0.06363981182795693
1091	1	650	0.12338797849462362
1091	1	700	0.16959397849462365
1091	1	750	0.21869264516129036
1091	1	800	0.22635497849462363
1091	1	850	0.21800164516129028
1091	1	900	0.19178847849462363
1091	1	950	0.17782047849462357
1091	1	1e3	0.17630414516129034
1091	1	1050	0.13614431182795692
1091	1	1100	NA
1091	1	1150	NA
1091	2	-200	-0.016739416666666784
1091	2	-150	NA
1091	2	-100	0.06049683333333311
1091	2	-50	NA
1091	2	0	0.006460833333333138
1091	2	50	-0.04435136666666688
1091	2	100	0.023242499999999833
1091	2	150	0.019525833333333242
1091	2	200	NA
1091	2	250	-0.019386766666666853
1091	2	300	0.005741333333333154
1091	2	350	-0.04956100000000019
1091	2	400	-0.07439800000000026
1091	2	450	-0.049903833333333404
1091	2	500	-0.049604833333333355
1091	2	550	-0.008755166666666833
1091	2	600	0.018860833333333177
1091	2	650	0.04759299999999985
1091	2	700	0.02129599999999991
1091	2	750	-0.019226500000000257
1091	2	800	-0.057555666666666706
1091	2	850	-0.12819150000000015
1091	2	900	-0.1341280000000001
1091	2	950	-0.1461583333333334
1091	2	1e3	-0.13061433333333347
1091	2	1050	-0.1474918333333334
1091	2	1100	-0.15467400000000012
1091	2	1150	-0.13917266666666692
1091	3	-200	0.01463527188940063
1091	3	-150	0.026242629032257936
1091	3	-100	-0.004452704301075509
1091	3	-50	-0.021419037634408705
1091	3	0	-0.017445370967742086
1091	3	50	-0.04097653763440882
1091	3	100	-0.06123820430107544
1091	3	150	-0.05979437096774206
1091	3	200	-0.07289870430107544
1091	3	250	-0.08820903763440875
1091	3	300	-0.08167637096774209
1091	3	350	-0.08759503763440872
1091	3	400	-0.08840437096774208
1091	3	450	-0.06684053763440878
1091	3	500	-0.03717153763440869
1091	3	550	-0.0319263709677422
1091	3	600	0.012933295698924615
1091	3	650	0.048799629032257874
1091	3	700	0.10250762903225781
1091	3	750	0.16071396236559118
1091	3	800	0.20372729569892453
1091	3	850	0.2428642956989245
1091	3	900	0.2540651290322578
1091	3	950	0.21971729569892454
1091	3	1e3	0.172295129032258
1091	3	1050	0.22282962903225786
1091	3	1100	0.24600729569892446
1091	3	1150	0.25423112903225786
1091	4	-200	0.03426527649769578
1091	4	-150	0.0569164193548386
1091	4	-100	-0.011697580645161429
1091	4	-50	-0.006120080645161267
1091	4	0	-0.07907491397849468
1091	4	50	-0.07454408064516138
1091	4	100	-0.08828558064516139
1091	4	150	-0.08549124731182804
1091	4	200	-0.09139108064516129
1091	4	250	-0.04594108064516137
1091	4	300	-0.1429860806451614
1091	4	350	-0.1522507473118281
1091	4	400	-0.11184374731182804
1091	4	450	-0.09929641397849472
1091	4	500	-0.07260291397849479
1091	4	550	-0.03036141397849475
1091	4	600	0.0024645860215052697
1091	4	650	0.040574419354838596
1091	4	700	0.06928708602150528
1091	4	750	0.04280691935483868
1091	4	800	0.00956725268817197
1091	4	850	0.012818252688172013
1091	4	900	-0.03122174731182814
1091	4	950	-0.026547080645161387
1091	4	1e3	0.07218541935483858
1091	4	1050	0.10113191935483856
1091	4	1100	0.033855252688172056
1091	4	1150	0.08850391935483863
1091	5	-200	0.03643666666666653
1091	5	-150	-0.0020731666666668294
1091	5	-100	-0.03376666666666672
1091	5	-50	0.015219166666666487
1091	5	0	-0.015816000000000052
1091	5	50	0.05178819999999993
1091	5	100	0.04346149999999982
1091	5	150	0.05590739999999981
1091	5	200	0.06186671428571414
1091	5	250	0.06803399999999986
1091	5	300	0.0698471999999998
1091	5	350	0.05069414285714264
1091	5	400	0.025990333333333265
1091	5	450	0.07444533333333325
1091	5	500	0.07983366666666643
1091	5	550	0.06465333333333316
1091	5	600	0.0933746666666666
1091	5	650	0.12708349999999982
1091	5	700	0.12059183333333312
1091	5	750	0.08766016666666654
1091	5	800	0.010975333333333262
1091	5	850	0.011057833333333175
1091	5	900	-0.04988316666666681
1091	5	950	-0.057318000000000126
1091	5	1e3	-0.05190583333333346
1091	5	1050	0.04471249999999993
1091	5	1100	0.035396666666666445
1091	5	1150	0.0017259999999998203
1091	6	-200	0.0631952995391705
1091	6	-150	0.026363704301075225
1091	6	-100	6.382043010751589e-4
1091	6	-50	-0.04745429569892486
1091	6	0	-0.05327546236559141
1091	6	50	-0.08074879569892479
1091	6	100	-0.12570496236559148
1091	6	150	-0.12781312903225817
1091	6	200	-0.14723662903225807
1091	6	250	-0.17246412903225816
1091	6	300	-0.1845164623655915
1091	6	350	-0.16042879569892476
1091	6	400	-0.16783112903225814
1091	6	450	-0.19040529569892484
1091	6	500	-0.18976879569892482
1091	6	550	-0.1446831290322582
1091	6	600	-0.12050362903225809
1091	6	650	-0.07953979569892478
1091	6	700	-0.045584462365591515
1091	6	750	-0.01798512903225813
1091	6	800	-0.0035896290322581237
1091	6	850	-0.026642129032258266
1091	6	900	0.02037720430107511
1091	6	950	0.02387853763440854
1091	6	1e3	0.044270704301075194
1091	6	1050	0.03953970430107523
1091	6	1100	0.057574537634408486
1091	6	1150	0.062267537634408544
1091	7	-200	0.03801720737327173
1091	7	-150	0.027612064516128854
1091	7	-100	-0.009766935483871197
1091	7	-50	-0.023663102150537796
1091	7	0	-0.03853543548387117
1091	7	50	-0.056044602150537935
1091	7	100	-0.05180510215053776
1091	7	150	-0.04058893548387118
1091	7	200	-0.03532560215053778
1091	7	250	-0.017150935483871255
1091	7	300	-0.0075707688172044945
1091	7	350	-0.029061935483871187
1091	7	400	-0.0051474354838710506
1091	7	450	0.03804173118279549
1091	7	500	0.061597564516128855
1091	7	550	0.1488852311827955
1091	7	600	0.19098506451612884
1091	7	650	0.20628306451612888
1091	7	700	NA
1091	7	750	NA
1091	7	800	-0.091575935483871
1091	7	850	0.09567373118279547
1091	7	900	0.05591423118279552
1091	7	950	0.09676656451612879
1091	7	1e3	0.13623956451612887
1091	7	1050	0.16588739784946216
1091	7	1100	0.17321706451612884
1091	7	1150	0.1914130645161288
1091	8	-200	0.0650230414746543
1091	8	-150	-0.0037498870967742626
1091	8	-100	-0.00719905376344084
1091	8	-50	-0.01594505376344098
1091	8	0	-0.04896622043010764
1091	8	50	-0.07409188709677424
1091	8	100	-0.07701272043010758
1091	8	150	-0.07965922043010765
1091	8	200	-0.11371255376344107
1091	8	250	-0.12274572043010752
1091	8	300	-0.12668388709677436
1091	8	350	-0.13677905376344088
1091	8	400	-0.1797097204301076
1091	8	450	-0.13680588709677433
1091	8	500	-0.11167822043010767
1091	8	550	-0.07841172043010765
1091	8	600	-0.03871822043010761
1091	8	650	-7.97387096774201e-4
1091	8	700	0.04421011290322574
1091	8	750	0.029670946236559043
1091	8	800	0.04273861290322567
1091	8	850	0.021405779569892387
1091	8	900	0.002410279569892445
1091	8	950	-0.029206387096774256
1091	8	1e3	-0.04298388709677433
1091	8	1050	-0.08521772043010752
1091	8	1100	-0.12173055376344084
1091	8	1150	-0.16487263709677424
1091	10	-200	0.016348290322580766
1091	10	-150	0.018137790322580855
1091	10	-100	-0.00393087634408588
1091	10	-50	-0.01466454301075252
1091	10	0	-0.01861537634408587
1091	10	50	-0.014688376344085855
1091	10	100	-0.04385920967741922
1091	10	150	-0.08278104301075251
1091	10	200	-0.13546104301075243
1091	10	250	-0.14478504301075254
1091	10	300	-0.17877987634408585
1091	10	350	-0.21994754301075248
1091	10	400	-0.1995748763440858
1091	10	450	-0.19515487634408588
1091	10	500	-0.15234520967741924
1091	10	550	-0.12715037634408585
1091	10	600	-0.07557487634408584
1091	10	650	-0.03555920967741925
1091	10	700	0.028305123655914127
1091	10	750	-0.045881709677419225
1091	10	800	NA
1091	10	850	NA
1091	10	900	NA
1091	10	950	NA
1091	10	1e3	NA
1091	10	1050	0.1321792903225809
1091	10	1100	-0.04079820967741924
1091	10	1150	-0.02997470967741922
1091	11	-200	-0.00460232258064508
1091	11	-150	-0.017991489247311716
1091	11	-100	0.0138356774193548
1091	11	-50	0.028969844086021546
1091	11	0	-0.01944465591397848
1091	11	50	-0.0321341559139785
1091	11	100	-0.05964915591397838
1091	11	150	-0.060369489247311746
1091	11	200	-0.11827882258064526
1091	11	250	NA
1091	11	300	NA
1091	11	350	NA
1091	11	400	NA
1091	11	450	NA
1091	11	500	NA
1091	11	550	0.04186001075268816
1091	11	600	0.06844417741935487
1091	11	650	0.08374584408602155
1091	11	700	0.13610984408602164
1091	11	750	0.16545667741935488
1091	11	800	0.1314723440860215
1091	11	850	0.16396917741935502
1091	11	900	NA
1091	11	950	NA
1091	11	1e3	NA
1091	11	1050	NA
1091	11	1100	NA
1091	11	1150	0.10029067741935489
1091	12	-200	0.01527015207373277
1091	12	-150	-0.007139086021505407
1091	12	-100	-0.012663586021505338
1091	12	-50	-0.00458591935483869
1091	12	0	0.006573413978494758
1091	12	50	0.019378747311827944
1091	12	100	0.026038580645161364
1091	12	150	0.024711247311827982
1091	12	200	0.04129824731182796
1091	12	250	0.04370891397849467
1091	12	300	0.03588674731182806
1091	12	350	0.017953247311828013
1091	12	400	-0.0015377526881720598
1091	12	450	-0.013041419354838713
1091	12	500	NA
1091	12	550	NA
1091	12	600	-0.0100636693548386
1091	12	650	0.0795451520737327
1091	12	700	0.088078247311828
1091	12	750	0.12159698064516125
1091	12	800	NA
1091	12	850	NA
1091	12	900	NA
1091	12	950	NA
1091	12	1e3	0.35031908064516126
1091	12	1050	0.39612558064516135
1091	12	1100	0.39363391397849457
1091	12	1150	0.38447641397849464
1091	13	-200	-0.027295691244239632
1091	13	-150	-0.023689548387096766
1091	13	-100	-0.010517215053763426
1091	13	-50	0.015122784946236608
1091	13	0	0.05092895161290323
1091	13	50	0.07964861827956993
1091	13	100	0.1054027849462366
1091	13	150	0.11889478494623658
1091	13	200	0.13589628494623654
1091	13	250	0.17680711827956985
1091	13	300	0.07073678494623659
1091	13	350	NA
1091	13	400	NA
1091	13	450	0.09756445161290328
1091	13	500	0.10234445161290329
1091	13	550	0.10382695161290319
1091	13	600	0.14463911827956988
1091	13	650	0.18323511827956995
1091	13	700	NA
1091	13	750	NA
1091	13	800	NA
1091	13	850	NA
1091	13	900	NA
1091	13	950	0.27860911827956986
1091	13	1e3	0.23260795161290315
1091	13	1050	0.2251391182795698
1091	13	1100	0.22633278494623651
1091	13	1150	0.25933528494623653
1091	14	-200	0.007850200000000094
1091	14	-150	0.016652200000000228
1091	14	-100	-0.008162466666666498
1091	14	-50	-0.019289299999999843
1091	14	0	0.001969200000000093
1091	14	50	NA
1091	14	100	NA
1091	14	150	NA
1091	14	200	NA
1091	14	250	0.03452220000000006
1091	14	300	0.08331820000000034
1091	14	350	NA
1091	14	400	NA
1091	14	450	NA
1091	14	500	NA
1091	14	550	NA
1091	14	600	NA
1091	14	650	NA
1091	14	700	0.028386199999999917
1091	14	750	NA
1091	14	800	NA
1091	14	850	NA
1091	14	900	NA
1091	14	950	NA
1091	14	1e3	NA
1091	14	1050	NA
1091	14	1100	NA
1091	14	1150	NA
1091	15	-200	0.028488391705068988
1091	15	-150	0.023251177419354747
1091	15	-100	-0.01044848924731201
1091	15	-50	-0.024311489247311895
1091	15	0	-0.02172765591397859
1091	15	50	-0.008111155913978596
1091	15	100	0.006742177419354715
1091	15	150	0.015509844086021444
1091	15	200	0.04004734408602147
1091	15	250	0.05525584408602143
1091	15	300	0.08599684408602142
1091	15	350	0.06402117741935472
1091	15	400	0.07847484408602139
1091	15	450	0.13379984408602144
1091	15	500	NA
1091	15	550	NA
1091	15	600	NA
1091	15	650	0.07994467741935463
1091	15	700	0.36865487741935477
1091	15	750	0.27932151075268813
1091	15	800	0.30363751075268813
1091	15	850	0.3112450107526881
1091	15	900	0.3221181774193547
1091	15	950	0.3659598440860214
1091	15	1e3	0.46685851075268814
1091	15	1050	0.4764153440860215
1091	15	1100	0.4972053440860214
1091	15	1150	0.5137633440860215
1091	16	-200	0.05045279262672819
1091	16	-150	0.02784560215053755
1091	16	-100	-0.012147231182795704
1091	16	-50	-0.027260897849462395
1091	16	0	-0.04729906451612901
1091	16	50	-0.08008923118279558
1091	16	100	-0.06902789784946235
1091	16	150	-0.06597606451612899
1091	16	200	-0.06675923118279566
1091	16	250	-0.07358006451612902
1091	16	300	-0.06590323118279569
1091	16	350	-0.05480206451612905
1091	16	400	-0.018089897849462355
1091	16	450	0.0104197688172043
1091	16	500	0.038263102150537666
1091	16	550	0.0777457688172043
1091	16	600	0.12300276881720433
1091	16	650	0.13989510215053777
1091	16	700	0.11670076881720437
1091	16	750	0.09463033548387098
1091	16	800	NA
1091	16	850	NA
1091	16	900	NA
1091	16	950	NA
1091	16	1e3	NA
1091	16	1050	NA
1091	16	1100	NA
1091	16	1150	0.18870693548387107
1091	18	-200	-0.03657641666666667
1091	18	-150	-0.03389041666666648
1091	18	-100	-0.054646416666666475
1091	18	-50	-0.010047416666666345
1091	18	0	0.025875916666666814
1091	18	50	0.005068583333333487
1091	18	100	-0.021327916666666558
1091	18	150	0.019036833333333503
1091	18	200	0.017967583333333703
1091	18	250	NA
1091	18	300	0.0797385833333335
1091	18	350	0.11232744047619063
1091	18	400	0.02955991666666676
1091	18	450	NA
1091	18	500	NA
1091	18	550	NA
1091	18	600	NA
1091	18	650	0.1763702500000003
1091	18	700	0.2832395833333335
1091	18	750	0.2511035833333337
1091	18	800	NA
1091	18	850	NA
1091	18	900	NA
1091	18	950	NA
1091	18	1e3	0.38637658333333347
1091	18	1050	0.39305608333333353
1091	18	1100	0.3862110119047621
1091	18	1150	0.3577327500000001
1091	20	-200	-0.03423253333333324
1091	20	-150	-0.016334366666666583
1091	20	-100	-0.008903366666666543
1091	20	-50	0.016845633333333405
1091	20	0	0.042624633333333405
1091	20	50	0.057547466666666734
1091	20	100	0.07348880000000009
1091	20	150	0.08024263333333341
1091	20	200	0.12297363333333348
1091	20	250	0.11754446666666667
1091	20	300	0.11414563333333343
1091	20	350	0.11668996666666676
1091	20	400	0.14217946666666678
1091	20	450	0.17848763333333348
1091	20	500	0.20920496666666688
1091	20	550	0.2765928
1091	20	600	0.2914716333333334
1091	20	650	0.30852796666666676
1091	20	700	0.2650273000000001
1091	20	750	0.2423924666666668
1091	20	800	0.18556980000000003
1091	20	850	0.13810680000000009
1091	20	900	NA
1091	20	950	NA
1091	20	1e3	NA
1091	20	1050	NA
1091	20	1100	NA
1091	20	1150	NA
1091	21	-200	0.02871968202764963
1091	21	-150	6.569677419353918e-4
1091	21	-100	-0.007531865591397994
1091	21	-50	-0.01635469892473133
1091	21	0	-0.010276698924731376
1091	21	50	-0.014469532258064724
1091	21	100	-0.036905198924731396
1091	21	150	-0.027837198924731393
1091	21	200	-0.0297286989247314
1091	21	250	-0.033026532258064734
1091	21	300	-0.0478360322580648
1091	21	350	-0.05615653225806475
1091	21	400	-0.04603186559139805
1091	21	450	-0.058049698924731365
1091	21	500	-0.02715719892473138
1091	21	550	0.014817467741935264
1091	21	600	0.07004146774193536
1091	21	650	0.08761696774193532
1091	21	700	0.1336898010752686
1091	21	750	0.18376113440860195
1091	21	800	0.10430163440860192
1091	21	850	NA
1091	21	900	NA
1091	21	950	NA
1091	21	1e3	NA
1091	21	1050	NA
1091	21	1100	0.0427119677419352
1091	21	1150	0.14149713440860193
1091	22	-200	-0.04298419999999995
1091	22	-150	-0.027473866666666586
1091	22	-100	-0.006972366666666637
1091	22	-50	0.02259330000000011
1091	22	0	0.054837133333333364
1091	22	50	0.06480570000000005
1091	22	100	0.024036871428571503
1091	22	150	-0.015543699999999975
1091	22	200	-0.04559486666666657
1091	22	250	-0.08017386666666663
1091	22	300	-0.09396019999999987
1091	22	350	-0.1127648999999999
1091	22	400	-0.11262469999999995
1091	22	450	-0.0912905333333333
1091	22	500	-0.07309419999999996
1091	22	550	-0.020783199999999964
1091	22	600	0.01750163333333325
1091	22	650	0.02930630000000008
1091	22	700	0.040639633333333425
1091	22	750	0.006896800000000036
1091	22	800	-0.03278103333333323
1091	22	850	-0.08565109999999994
1091	22	900	-0.0899805571428571
1091	22	950	-0.12914253333333323
1091	22	1e3	-0.15441919999999998
1091	22	1050	-0.1793327
1091	22	1100	-0.2177693666666666
1091	22	1150	-0.24029670000000003
1091	23	-200	0.06894398156682018
1091	23	-150	0.04643617204301065
1091	23	-100	0.003320172043010642
1091	23	-50	-0.054285327956989336
1091	23	0	-0.07590566129032268
1091	23	50	-0.0871549946236559
1091	23	100	-0.10028232795698926
1091	23	150	-0.0924898279569893
1091	23	200	-0.09292232795698936
1091	23	250	-0.10214116129032262
1091	23	300	-0.06944849462365606
1091	23	350	-0.08782116129032265
1091	23	400	-0.08172182795698935
1091	23	450	-0.043421327956989275
1091	23	500	-0.03992499462365595
1091	23	550	-0.012726661290322664
1091	23	600	0.016156672043010707
1091	23	650	0.0018258387096773039
1091	23	700	0.021041838709677352
1091	23	750	0.04617167204301068
1091	23	800	0.03909283870967739
1091	23	850	0.006019838709677409
1091	23	900	0.049082172043010575
1091	23	950	0.026120672043010718
1091	23	1e3	0.0025935053763441
1091	23	1050	-0.027002994623656074
1091	23	1100	0.004166672043010762
1091	23	1150	-0.001085661290322652
1091	24	-200	0.07232014285714287
1091	24	-150	0.018402833333333406
1091	24	-100	-0.012863499999999991
1091	24	-50	-0.04846266666666662
1091	24	0	-0.0414501666666666
1091	24	50	-0.05402933333333326
1091	24	100	-0.049819333333333216
1091	24	150	-0.021530999999999967
1091	24	200	-0.008328833333333266
1091	24	250	0.017133833333333442
1091	24	300	0.021443666666666788
1091	24	350	0.03491100000000006
1091	24	400	0.07605550000000005
1091	24	450	0.08629866666666675
1091	24	500	0.12468083333333335
1091	24	550	0.1626531666666667
1091	24	600	0.19658333333333347
1091	24	650	0.19659133333333342
1091	24	700	0.19476950000000004
1091	24	750	0.17301633333333344
1091	24	800	0.10559783333333346
1091	24	850	0.08584533333333333
1091	24	900	0.057766333333333364
1091	24	950	0.07961583333333337
1091	24	1e3	0.0768570000000001
1091	24	1050	0.0662910000000001
1091	24	1100	0.01190766666666665
1091	24	1150	0.021550666666666718
1091	25	-200	-0.025383244239631595
1091	25	-150	-0.008712387096774318
1091	25	-100	0.008251612903225736
1091	25	-50	0.010519612903225672
1091	25	0	0.01955494623655903
1091	25	50	-0.006100887096774328
1091	25	100	0.002288112903225651
1091	25	150	-0.018989220430107645
1091	25	200	-0.02123205376344095
1091	25	250	-0.02354288709677436
1091	25	300	-0.013903220430107574
1091	25	350	0.016806612903225753
1091	25	400	0.02593444623655894
1091	25	450	0.06885461290322563
1091	25	500	0.08927877956989232
1091	25	550	0.11799327956989243
1091	25	600	0.11029261290322571
1091	25	650	0.1392842795698924
1091	25	700	0.12677594623655897
1091	25	750	0.10212594623655898
1091	25	800	0.0674487795698923
1091	25	850	0.021767612903225597
1091	25	900	NA
1091	25	950	NA
1091	25	1e3	NA
1091	25	1050	NA
1091	25	1100	NA
1091	25	1150	NA
1091	26	-200	0.018378350230414675
1091	26	-150	0.006665564516128948
1091	26	-100	-0.023366602150537652
1091	26	-50	0.019924731182795547
1091	26	0	-0.02466510215053767
1091	26	50	-0.02145260215053768
1091	26	100	0.04496823118279569
1091	26	150	0.06641356451612901
1091	26	200	0.06977923118279561
1091	26	250	0.06797223118279572
1091	26	300	0.059494564516129035
1091	26	350	0.1171443978494624
1091	26	400	0.03795723118279567
1091	26	450	0.00664256451612899
1091	26	500	0.03660806451612886
1091	26	550	0.06630056451612891
1091	26	600	0.11250706451612902
1091	26	650	0.12142789784946229
1091	26	700	0.1938993978494623
1091	26	750	NA
1091	26	800	NA
1091	26	850	NA
1091	26	900	NA
1091	26	950	NA
1091	26	1e3	NA
1091	26	1050	NA
1091	26	1100	0.15774756451612904
1091	26	1150	0.18738981451612902
1091	27	-200	NA
1091	27	-150	NA
1091	27	-100	NA
1091	27	-50	NA
1091	27	0	NA
1091	27	50	NA
1091	27	100	NA
1091	27	150	NA
1091	27	200	NA
1091	27	250	NA
1091	27	300	NA
1091	27	350	NA
1091	27	400	NA
1091	27	450	NA
1091	27	500	NA
1091	27	550	NA
1091	27	600	NA
1091	27	650	NA
1091	27	700	NA
1091	27	750	NA
1091	27	800	NA
1091	27	850	NA
1091	27	900	NA
1091	27	950	NA
1091	27	1e3	NA
1091	27	1050	NA
1091	27	1100	NA
1091	27	1150	NA
1091	28	-200	NA
1091	28	-150	NA
1091	28	-100	NA
1091	28	-50	NA
1091	28	0	NA
1091	28	50	NA
1091	28	100	NA
1091	28	150	NA
1091	28	200	NA
1091	28	250	NA
1091	28	300	NA
1091	28	350	NA
1091	28	400	NA
1091	28	450	NA
1091	28	500	NA
1091	28	550	NA
1091	28	600	NA
1091	28	650	NA
1091	28	700	NA
1091	28	750	NA
1091	28	800	NA
1091	28	850	NA
1091	28	900	NA
1091	28	950	NA
1091	28	1e3	NA
1091	28	1050	NA
1091	28	1100	NA
1091	28	1150	NA
1091	29	-200	-0.008910023041474766
1091	29	-150	-0.01818761827956994
1091	29	-100	0.0013273817204300837
1091	29	-50	0.004529881720429933
1091	29	0	0.02272538172043011
1091	29	50	0.05720238172042998
1091	29	100	0.04524804838709665
1091	29	150	0.05918554838709674
1091	29	200	0.1075715483870967
1091	29	250	0.11667838172043006
1091	29	300	0.1473897150537634
1091	29	350	0.14491504838709668
1091	29	400	0.1273790483870966
1091	29	450	0.1283840483870967
1091	29	500	0.1678153817204299
1091	29	550	0.1643938817204301
1091	29	600	0.21934438172043005
1091	29	650	0.25674438172043
1091	29	700	0.22586921505376326
1091	29	750	0.23224654838709669
1091	29	800	NA
1091	29	850	NA
1091	29	900	NA
1091	29	950	NA
1091	29	1e3	NA
1091	29	1050	NA
1091	29	1100	NA
1091	29	1150	NA
1091	30	-200	-0.019046857142857223
1091	30	-150	-0.019137833333333482
1091	30	-100	0.00970449999999993
1091	30	-50	0.024791666666666545
1091	30	0	0.010294499999999984
1091	30	50	NA
1091	30	100	NA
1091	30	150	NA
1091	30	200	NA
1091	30	250	NA
1091	30	300	NA
1091	30	350	NA
1091	30	400	NA
1091	30	450	NA
1091	30	500	NA
1091	30	550	-0.22206600000000024
1091	30	600	-1.033255
1091	30	650	-1.021008666666667
1091	30	700	-1.0021331666666669
1091	30	750	0.236808
1091	30	800	0.26620849999999985
1091	30	850	0.2996216666666665
1091	30	900	0.3242233333333333
1091	30	950	0.3178866666666666
1091	30	1e3	0.2651879999999998
1091	30	1050	0.23410883333333313
1091	30	1100	0.23024949999999986
1091	30	1150	0.21206733333333325
1091	31	-200	NA
1091	31	-150	NA
1091	31	-100	NA
1091	31	-50	NA
1091	31	0	NA
1091	31	50	NA
1091	31	100	NA
1091	31	150	NA
1091	31	200	NA
1091	31	250	NA
1091	31	300	NA
1091	31	350	NA
1091	31	400	NA
1091	31	450	NA
1091	31	500	NA
1091	31	550	NA
1091	31	600	NA
1091	31	650	NA
1091	31	700	NA
1091	31	750	NA
1091	31	800	NA
1091	31	850	NA
1091	31	900	NA
1091	31	950	NA
1091	31	1e3	NA
1091	31	1050	NA
1091	31	1100	NA
1091	31	1150	NA
1091	32	-200	-0.008034723502303973
1091	32	-150	-0.03776724731182779
1091	32	-100	0.0043350860215056
1091	32	-50	0.01890691935483894
1091	32	0	0.02389908602150559
1091	32	50	-0.005826913978494404
1091	32	100	-0.04078241397849447
1091	32	150	-0.03474908064516106
1091	32	200	-0.042651080645161134
1091	32	250	-0.03216191397849447
1091	32	300	-0.048096830645161126
1091	32	350	NA
1091	32	400	NA
1091	32	450	NA
1091	32	500	NA
1091	32	550	NA
1091	32	600	NA
1091	32	650	NA
1091	32	700	NA
1091	32	750	NA
1091	32	800	0.005216419354838742
1091	32	850	NA
1091	32	900	NA
1091	32	950	NA
1091	32	1e3	NA
1091	32	1050	NA
1091	32	1100	-0.14571108064516114
1091	32	1150	-0.1396655806451612
1091	33	-200	0.027783847926267122
1091	33	-150	6.352526881718834e-4
1091	33	-100	-0.020212913978494784
1091	33	-50	-0.018464080645161546
1091	33	0	0.005627252688171917
1091	33	50	2.045860215051191e-4
1091	33	100	0.014607586021505211
1091	33	150	0.02041008602150522
1091	33	200	0.012389919354838463
1091	33	250	-0.0036865806451615115
1091	33	300	0.003459919354838581
1091	33	350	-0.02338308064516152
1091	33	400	-0.06090858064516125
1091	33	450	NA
1091	33	500	NA
1091	33	550	NA
1091	33	600	NA
1091	33	650	NA
1091	33	700	NA
1091	33	750	NA
1091	33	800	NA
1091	33	850	NA
1091	33	900	NA
1091	33	950	NA
1091	33	1e3	NA
1091	33	1050	NA
1091	33	1100	NA
1091	33	1150	NA
1091	34	-200	0.010703815668202665
1091	34	-150	4.205376344090794e-5
1091	34	-100	0.0038297204301075785
1091	34	-50	-0.012041779569892533
1091	34	0	-0.00431777956989247
1091	34	50	-0.008978612903225805
1091	34	100	-0.013913279569892486
1091	34	150	-0.020620612903225883
1091	34	200	-0.050469279569892445
1091	34	250	-0.06570911290322574
1091	34	300	-0.10251311290322573
1091	34	350	-0.12320194623655915
1091	34	400	-0.11522161290322581
1091	34	450	-0.11124427956989254
1091	34	500	-0.09189311290322573
1091	34	550	-0.05063377956989257
1091	34	600	-0.007596612903225737
1091	34	650	0.05599538709677413
1091	34	700	-0.05665761290322591
1091	34	750	NA
1091	34	800	NA
1091	34	850	NA
1091	34	900	NA
1091	34	950	NA
1091	34	1e3	NA
1091	34	1050	NA
1091	34	1100	NA
1091	34	1150	0.016252587096774195
1091	35	-200	NA
1091	35	-150	0
1091	35	-100	NA
1091	35	-50	NA
1091	35	0	NA
1091	35	50	NA
1091	35	100	NA
1091	35	150	NA
1091	35	200	NA
1091	35	250	NA
1091	35	300	NA
1091	35	350	0.7104090000000003
1091	35	400	0.6964626
1091	35	450	0.6884731666666667
1091	35	500	0.7034190000000001
1091	35	550	0.7430591666666666
1091	35	600	0.7757801666666667
1091	35	650	0.8315731666666667
1091	35	700	0.8512395
1091	35	750	0.8684358333333335
1091	35	800	0.9158755000000001
1091	35	850	NA
1091	35	900	NA
1091	35	950	NA
1091	35	1e3	NA
1091	35	1050	NA
1091	35	1100	NA
1091	35	1150	NA
1091	36	-200	0.05649389861751164
1091	36	-150	0.01674044623655931
1091	36	-100	-0.018512220430107362
1091	36	-50	-0.030372387096774034
1091	36	0	-0.03376538709677409
1091	36	50	-0.04687605376344073
1091	36	100	-0.048305720430107314
1091	36	150	-0.02606838709677402
1091	36	200	NA
1091	36	250	NA
1091	36	300	-0.07077438709677386
1091	36	350	-1.1488709677398568e-4
1091	36	400	NA
1091	36	450	NA
1091	36	500	NA
1091	36	550	NA
1091	36	600	NA
1091	36	650	NA
1091	36	700	NA
1091	36	750	NA
1091	36	800	NA
1091	36	850	NA
1091	36	900	0.15878594623655942
1091	36	950	0.19589394623655934
1091	36	1e3	0.18147661290322592
1091	36	1050	0.20409244623655942
1091	36	1100	0.23216361290322593
1091	36	1150	0.21842161290322606
1091	37	-200	0.026464266666666642
1091	37	-150	-0.004067533333333273
1091	37	-100	-0.034611983333333374
1091	37	-50	NA
1091	37	0	NA
1091	37	50	NA
1091	37	100	0.08192976666666663
1091	37	150	0.05162101666666663
1091	37	200	NA
1091	37	250	NA
1091	37	300	NA
1091	37	350	NA
1091	37	400	NA
1091	37	450	NA
1091	37	500	NA
1091	37	550	NA
1091	37	600	NA
1091	37	650	NA
1091	37	700	NA
1091	37	750	NA
1091	37	800	NA
1091	37	850	NA
1091	37	900	NA
1091	37	950	NA
1091	37	1e3	0.2927792666666667
1091	37	1050	0.3791649809523809
1091	37	1100	0.41672010000000004
1091	37	1150	0.4715527666666666
1091	38	-200	0.06392985253456228
1091	38	-150	0.05469654301075274
1091	38	-100	-0.020715790322580602
1091	38	-50	-0.04313279032258066
1091	38	0	-0.06543279032258058
1091	38	50	-0.15126245698924712
1091	38	100	-0.17624479032258056
1091	38	150	-0.1793877903225806
1091	38	200	-0.18809412365591394
1091	38	250	-0.18455745698924728
1091	38	300	-0.19032862365591394
1091	38	350	-0.21995179032258064
1091	38	400	-0.26227129032258073
1091	38	450	-0.31654279032258065
1091	38	500	-0.3299167903225806
1091	38	550	-0.34592695698924736
1091	38	600	-0.3503179569892472
1091	38	650	-0.33900429032258056
1091	38	700	-0.34809379032258064
1091	38	750	-0.32554412365591395
1091	38	800	-0.2777694569892473
1091	38	850	-0.262776123655914
1091	38	900	-0.29686112365591383
1091	38	950	-0.3140602903225806
1091	38	1e3	-0.3687426236559139
1091	38	1050	-0.2242641236559139
1091	38	1100	-0.28052095698924734
1091	38	1150	-0.3677592903225806
1091	39	-200	NA
1091	39	-150	NA
1091	39	-100	NA
1091	39	-50	NA
1091	39	0	NA
1091	39	50	NA
1091	39	100	NA
1091	39	150	NA
1091	39	200	NA
1091	39	250	NA
1091	39	300	NA
1091	39	350	NA
1091	39	400	NA
1091	39	450	NA
1091	39	500	NA
1091	39	550	NA
1091	39	600	NA
1091	39	650	NA
1091	39	700	NA
1091	39	750	NA
1091	39	800	NA
1091	39	850	NA
1091	39	900	NA
1091	39	950	NA
1091	39	1e3	NA
1091	39	1050	NA
1091	39	1100	NA
1091	39	1150	NA
1091	40	-200	0.03765620000000025
1091	40	-150	0.017808366666666926
1091	40	-100	-0.012727466666666501
1091	40	-50	-0.021184799999999743
1091	40	0	-0.021552299999999896
1091	40	50	-0.03556113333333314
1091	40	100	-0.06569863333333308
1091	40	150	-0.08455146666666646
1091	40	200	-0.1111081333333331
1091	40	250	-0.11526913333333304
1091	40	300	-0.09787179999999977
1091	40	350	-0.12073229999999986
1091	40	400	-0.1973111333333332
1091	40	450	-0.18761096666666655
1091	40	500	-0.16766563333333315
1091	40	550	-0.15238246666666644
1091	40	600	-0.11179029999999972
1091	40	650	-0.08945296666666651
1091	40	700	-0.06146546666666645
1091	40	750	-0.09751696666666643
1091	40	800	-0.11441129999999977
1091	40	850	-0.14171863333333304
1091	40	900	-0.17284504999999972
1091	40	950	NA
1091	40	1e3	NA
1091	40	1050	NA
1091	40	1100	NA
1091	40	1150	NA
1091	41	-200	-0.04369473333333337
1091	41	-150	-0.023879399999999995
1091	41	-100	0.02170443333333331
1091	41	-50	0.016262433333333364
1091	41	0	0.029607266666666687
1091	41	50	0.02326459999999993
1091	41	100	0.02987576666666662
1091	41	150	0.035185766666666694
1091	41	200	0.04069043333333333
1091	41	250	0.014022099999999963
1091	41	300	-0.026459233333333332
1091	41	350	-0.11125706666666672
1091	41	400	-0.06391806666666662
1091	41	450	-0.10534306666666675
1091	41	500	-0.07119289999999993
1091	41	550	-0.05860373333333335
1091	41	600	-0.03966573333333331
1091	41	650	-0.03724356666666669
1091	41	700	-0.03266156666666675
1091	41	750	-0.09616123333333348
1091	41	800	NA
1091	41	850	NA
1091	41	900	NA
1091	41	950	NA
1091	41	1e3	NA
1091	41	1050	NA
1091	41	1100	NA
1091	41	1150	NA
1091	42	-200	-0.03785936866359466
1091	42	-150	-0.01598339247311838
1091	42	-100	0.0031677741935481527
1091	42	-50	0.0225362741935482
1091	42	0	0.03444860752688165
1091	42	50	0.073379940860215
1091	42	100	0.06517694086021497
1091	42	150	0.04408794086021491
1091	42	200	0.01579910752688159
1091	42	250	-0.02392689247311841
1091	42	300	-0.02133789247311846
1091	42	350	-0.05003289247311837
1091	42	400	-0.03019739247311855
1091	42	450	-0.022122392473118497
1091	42	500	-0.015885225806451835
1091	42	550	0.00692260752688149
1091	42	600	-0.0874312258064518
1091	42	650	NA
1091	42	700	NA
1091	42	750	NA
1091	42	800	NA
1091	42	850	NA
1091	42	900	NA
1091	42	950	NA
1091	42	1e3	NA
1091	42	1050	NA
1091	42	1100	-0.03852672580645167
1091	42	1150	NA
1091	43	-200	NA
1091	43	-150	NA
1091	43	-100	NA
1091	43	-50	NA
1091	43	0	NA
1091	43	50	NA
1091	43	100	NA
1091	43	150	NA
1091	43	200	NA
1091	43	250	NA
1091	43	300	NA
1091	43	350	NA
1091	43	400	NA
1091	43	450	NA
1091	43	500	NA
1091	43	550	NA
1091	43	600	NA
1091	43	650	NA
1091	43	700	NA
1091	43	750	NA
1091	43	800	NA
1091	43	850	NA
1091	43	900	NA
1091	43	950	NA
1091	43	1e3	NA
1091	43	1050	NA
1091	43	1100	NA
1091	43	1150	NA
1091	44	-200	0.0039431474654378585
1091	44	-150	0.035571123655913896
1091	44	-100	0.008671956989247276
1091	44	-50	-0.001571709677419486
1091	44	0	-0.04727170967741934
1091	44	50	-0.020238876344086016
1091	44	100	-0.03679037634408607
1091	44	150	-0.08011120967741947
1091	44	200	-0.06248337634408611
1091	44	250	-0.07202270967741944
1091	44	300	-0.07913813824884793
1091	44	350	NA
1091	44	400	-0.07413270967741947
1091	44	450	-0.12833454301075276
1091	44	500	NA
1091	44	550	NA
1091	44	600	-0.011381709677419435
1091	44	650	NA
1091	44	700	NA
1091	44	750	NA
1091	44	800	NA
1091	44	850	NA
1091	44	900	NA
1091	44	950	NA
1091	44	1e3	NA
1091	44	1050	-0.08375837634408612
1091	44	1100	0.023913790322580564
1091	44	1150	0.02241162365591398
1091	45	-200	0.029121350230414844
1091	45	-150	-0.0035947688172042933
1091	45	-100	-0.012891268817204185
1091	45	-50	-0.0052794354838708495
1091	45	0	-0.012209435483870804
1091	45	50	-0.013799935483870854
1091	45	100	-0.0012429354838708513
1091	45	150	-0.0074467688172042594
1091	45	200	0.00437923118279578
1091	45	250	-0.02519810215053749
1091	45	300	0.00914573118279575
1091	45	350	-0.01521310215053758
1091	45	400	-0.0844137688172042
1091	45	450	-0.053550102150537494
1091	45	500	-0.03558143548387075
1091	45	550	0.13310106451612924
1091	45	600	NA
1091	45	650	NA
1091	45	700	NA
1091	45	750	NA
1091	45	800	NA
1091	45	850	NA
1091	45	900	NA
1091	45	950	NA
1091	45	1e3	NA
1091	45	1050	-0.048532935483871054
1091	45	1100	-0.7235072688172043
1091	45	1150	-1.0941166021505375
1091	46	-200	-0.013256433333333225
1091	46	-150	0.01606556666666692
1091	46	-100	0.02041623333333346
1091	46	-50	-0.012714433333333183
1091	46	0	-0.010510933333333231
1091	46	50	-0.011150766666666442
1091	46	100	-0.02826893333333332
1091	46	150	-0.03550293333333313
1091	46	200	-0.04720676666666653
1091	46	250	-0.01792976666666653
1091	46	300	-0.046878433333333115
1091	46	350	-0.12950226666666662
1091	46	400	-0.11299359999999996
1091	46	450	-0.05950626666666651
1091	46	500	-0.05729309999999995
1091	46	550	-0.024088099999999873
1091	46	600	-0.002515266666666497
1091	46	650	0.044419900000000144
1091	46	700	0.044987800000000175
1091	46	750	NA
1091	46	800	NA
1091	46	850	NA
1091	46	900	NA
1091	46	950	NA
1091	46	1e3	NA
1091	46	1050	NA
1091	46	1100	NA
1091	46	1150	NA
1091	47	-200	NA
1091	47	-150	NA
1091	47	-100	NA
1091	47	-50	NA
1091	47	0	NA
1091	47	50	NA
1091	47	100	NA
1091	47	150	NA
1091	47	200	NA
1091	47	250	NA
1091	47	300	NA
1091	47	350	NA
1091	47	400	NA
1091	47	450	NA
1091	47	500	NA
1091	47	550	NA
1091	47	600	NA
1091	47	650	NA
1091	47	700	NA
1091	47	750	NA
1091	47	800	NA
1091	47	850	NA
1091	47	900	NA
1091	47	950	NA
1091	47	1e3	NA
1091	47	1050	NA
1091	47	1100	NA
1091	47	1150	NA
1091	48	-200	0.01949245622119809
1091	48	-150	0.01462207526881724
1091	48	-100	-0.019306424731182787
1091	48	-50	-0.023134924731182727
1091	48	0	0.005078075268817243
1091	48	50	-0.030229058064516146
1091	48	100	NA
1091	48	150	NA
1091	48	200	NA
1091	48	250	NA
1091	48	300	NA
1091	48	350	NA
1091	48	400	NA
1091	48	450	NA
1091	48	500	NA
1091	48	550	NA
1091	48	600	0.1745654086021505
1091	48	650	0.17850340860215064
1091	48	700	0.1984137419354838
1091	48	750	0.1800385752688173
1091	48	800	0.12333974193548392
1091	48	850	NA
1091	48	900	NA
1091	48	950	NA
1091	48	1e3	NA
1091	48	1050	NA
1091	48	1100	NA
1091	48	1150	0.2069552419354841
1091	49	-200	0.01585576666666692
1091	49	-150	0.006401100000000233
1091	49	-100	-0.0010453999999999002
1091	49	-50	-0.006686566666666523
1091	49	0	-0.01452489999999984
1091	49	50	0.0049467666666668615
1091	49	100	0.021020933333333547
1091	49	150	0.016613933333333497
1091	49	200	0.03487393333333344
1091	49	250	0.07676926666666684
1091	49	300	0.10774293333333351
1091	49	350	0.1249772666666668
1091	49	400	0.13045493333333344
1091	49	450	0.1389522666666668
1091	49	500	0.14142710000000017
1091	49	550	0.16177410000000014
1091	49	600	0.18589393333333346
1091	49	650	0.21929576666666684
1091	49	700	NA
1091	49	750	NA
1091	49	800	NA
1091	49	850	NA
1091	49	900	NA
1091	49	950	NA
1091	49	1e3	NA
1091	49	1050	NA
1091	49	1100	-0.5137809833333331
1091	49	1150	-1.1424345666666664
1091	50	-200	0.03764367460317475
1091	50	-150	0.004133055555555654
1091	50	-100	-0.0576608111111109
1091	50	-50	NA
1091	50	0	NA
1091	50	50	NA
1091	50	100	NA
1091	50	150	NA
1091	50	200	NA
1091	50	250	NA
1091	50	300	NA
1091	50	350	NA
1091	50	400	NA
1091	50	450	NA
1091	50	500	NA
1091	50	550	NA
1091	50	600	NA
1091	50	650	NA
1091	50	700	NA
1091	50	750	0.6029913888888889
1091	50	800	0.14316978888888904
1091	50	850	0.14063055555555568
1091	50	900	0.13617088888888898
1091	50	950	0.16162022222222236
1091	50	1e3	0.19231622222222233
1091	50	1050	0.21974105555555568
1091	50	1100	0.2036837222222224
1091	50	1150	0.2019295555555558
1091	51	-200	0.019608419354838702
1091	51	-150	-0.0029817473118280238
1091	51	-100	-0.003120247311828065
1091	51	-50	-0.0064430806451613405
1091	51	0	-0.010331413978494686
1091	51	50	0.008478752688171998
1091	51	100	0.005802586021505259
1091	51	150	0.008458586021505251
1091	51	200	0.016750752688171906
1091	51	250	0.037171752688172
1091	51	300	0.05131991935483852
1091	51	350	0.02408758602150529
1091	51	400	0.03668125268817198
1091	51	450	0.060367086021505235
1091	51	500	0.09283641935483862
1091	51	550	0.12157058602150528
1091	51	600	0.15162208602150531
1091	51	650	0.1880649193548387
1091	51	700	0.196838752688172
1091	51	750	0.1632494193548386
1091	51	800	0.16232308602150533
1091	51	850	0.14581075268817192
1091	51	900	0.10194008602150524
1091	51	950	0.08659658602150529
1091	51	1e3	0.08466225268817196
1091	51	1050	0.07073008602150528
1091	51	1100	0.06994708602150539
1091	51	1150	0.028509419354838677
1091	52	-200	-0.01668887557603682
1091	52	-150	0.0170233387096775
1091	52	-100	0.002502172043010805
1091	52	-50	-0.012024994623655916
1091	52	0	0.011969838709677457
1091	52	50	0.002393838709677428
1091	52	100	0.0032870053763441507
1091	52	150	-0.018208661290322503
1091	52	200	-0.02290082795698926
1091	52	250	-0.032925161290322524
1091	52	300	-0.024463732718893967
1091	52	350	0.010836172043010869
1091	52	400	0.045409172043010836
1091	52	450	0.0617381720430108
1091	52	500	0.08887617204301075
1091	52	550	0.10756350537634411
1091	52	600	0.15357750537634418
1091	52	650	0.17525067204301079
1091	52	700	0.07519583870967746
1091	52	750	NA
1091	52	800	NA
1091	52	850	NA
1091	52	900	NA
1091	52	950	NA
1091	52	1e3	0.13839283870967747
1091	52	1050	0.12421783870967751
1091	52	1100	0.1329830053763442
1091	52	1150	0.16638150537634414
1091	53	-200	NA
1091	53	-150	NA
1091	53	-100	NA
1091	53	-50	NA
1091	53	0	NA
1091	53	50	NA
1091	53	100	NA
1091	53	150	NA
1091	53	200	NA
1091	53	250	NA
1091	53	300	NA
1091	53	350	NA
1091	53	400	NA
1091	53	450	NA
1091	53	500	NA
1091	53	550	NA
1091	53	600	NA
1091	53	650	NA
1091	53	700	NA
1091	53	750	NA
1091	53	800	NA
1091	53	850	NA
1091	53	900	NA
1091	53	950	NA
1091	53	1e3	NA
1091	53	1050	NA
1091	53	1100	NA
1091	53	1150	NA
1091	54	-200	-0.017153382488479276
1091	54	-150	-0.011639930107526878
1091	54	-100	-0.009994263440860148
1091	54	-50	0.015050569892473145
1091	54	0	0.026595903225806367
1091	54	50	0.033226569892473114
1091	54	100	0.06149990322580642
1091	54	150	0.08498806989247305
1091	54	200	0.09927106989247318
1091	54	250	0.12031256989247303
1091	54	300	0.1637714032258065
1091	54	350	0.18739240322580644
1091	54	400	0.22033373655913993
1091	54	450	0.17379140322580655
1091	54	500	0.18902523655913983
1091	54	550	0.21910323655913974
1091	54	600	0.2212822365591398
1091	54	650	0.2557959032258064
1091	54	700	-0.02595309677419344
1091	54	750	NA
1091	54	800	NA
1091	54	850	NA
1091	54	900	NA
1091	54	950	NA
1091	54	1e3	NA
1091	54	1050	NA
1091	54	1100	NA
1091	54	1150	0.1650579032258066
1091	55	-200	0.014381017857142884
1091	55	-150	-0.10066712500000019
1091	55	-100	NA
1091	55	-50	NA
1091	55	0	NA
1091	55	50	NA
1091	55	100	NA
1091	55	150	NA
1091	55	200	NA
1091	55	250	NA
1091	55	300	NA
1091	55	350	NA
1091	55	400	NA
1091	55	450	NA
1091	55	500	NA
1091	55	550	NA
1091	55	600	NA
1091	55	650	NA
1091	55	700	NA
1091	55	750	NA
1091	55	800	NA
1091	55	850	NA
1091	55	900	NA
1091	55	950	NA
1091	55	1e3	NA
1091	55	1050	NA
1091	55	1100	-0.05854012499999994
1091	55	1150	NA
1091	56	-200	NA
1091	56	-150	NA
1091	56	-100	NA
1091	56	-50	NA
1091	56	0	NA
1091	56	50	NA
1091	56	100	NA
1091	56	150	NA
1091	56	200	NA
1091	56	250	NA
1091	56	300	NA
1091	56	350	NA
1091	56	400	NA
1091	56	450	NA
1091	56	500	NA
1091	56	550	NA
1091	56	600	NA
1091	56	650	NA
1091	56	700	NA
1091	56	750	NA
1091	56	800	NA
1091	56	850	NA
1091	56	900	NA
1091	56	950	NA
1091	56	1e3	NA
1091	56	1050	NA
1091	56	1100	NA
1091	56	1150	NA
1091	58	-200	-0.002502023809523616
1091	58	-150	0.036705476190476295
1091	58	-100	-0.024387857142857
1091	58	-50	-0.01963119047619033
1091	58	0	NA
1091	58	50	NA
1091	58	100	NA
1091	58	150	NA
1091	58	200	0.05286847619047652
1091	58	250	0.033894476190476384
1091	58	300	0.06364064285714299
1091	58	350	0.09178347619047618
1091	58	400	0.0979683095238096
1091	58	450	0.111089142857143
1091	58	500	0.16651480952380973
1091	58	550	0.20603680952380973
1091	58	600	0.28045280952380963
1091	58	650	0.27061547619047627
1091	58	700	0.18412147619047636
1091	58	750	NA
1091	58	800	NA
1091	58	850	NA
1091	58	900	NA
1091	58	950	NA
1091	58	1e3	NA
1091	58	1050	NA
1091	58	1100	NA
1091	58	1150	NA
1091	59	-200	0.010412907834101188
1091	59	-150	0.008030693548386925
1091	59	-100	0.017115360215053627
1091	59	-50	-0.006512306451613048
1091	59	0	-0.030782139784946445
1091	59	50	-0.0190016397849464
1091	59	100	-0.035296973118279805
1091	59	150	-0.045075973118279856
1091	59	200	-0.05662113978494654
1091	59	250	-0.04050280645161308
1091	59	300	-0.026647806451613132
1091	59	350	0.008074526881720168
1091	59	400	0.016093026881720245
1091	59	450	0.049097360215053586
1091	59	500	0.041974360215053595
1091	59	550	0.05810569354838687
1091	59	600	0.04403069354838688
1091	59	650	0.06598386021505354
1091	59	700	0.07102619354838684
1091	59	750	0.08699159354838688
1091	59	800	NA
1091	59	850	NA
1091	59	900	NA
1091	59	950	NA
1091	59	1e3	NA
1091	59	1050	NA
1091	59	1100	NA
1091	59	1150	0.02776186021505363
1091	60	-200	-0.013597399999999723
1091	60	-150	0.0037251000000002588
1091	60	-100	0.0103807666666668
1091	60	-50	0.005288766666666851
1091	60	0	-0.005797233333333152
1091	60	50	-0.0097300666666665
1091	60	100	-0.018353733333333084
1091	60	150	-0.006032899999999823
1091	60	200	0.00903260000000028
1091	60	250	0.034572933333333555
1091	60	300	0.032939433333333566
1091	60	350	0.03739876666666694
1091	60	400	0.03925726666666699
1091	60	450	0.06629160000000023
1091	60	500	0.06627960000000017
1091	60	550	0.11116310000000018
1091	60	600	0.12156743333333349
1091	60	650	0.12898026666666684
1091	60	700	0.10963193333333354
1091	60	750	0.06440979047619073
1091	60	800	0.018940933333333687
1091	60	850	0.0044989333333335475
1091	60	900	2.37600000000171e-4
1091	60	950	-5.965666666662983e-4
1091	60	1e3	0.021720933333333543
1091	60	1050	0.010386100000000212
1091	60	1100	0.014006433333333476
1091	60	1150	0.017895766666666812
1091	61	-200	0.007143633333333159
1091	61	-150	0.0038677999999997916
1091	61	-100	2.0696666666641939e-4
1091	61	-50	-0.007935533333333597
1091	61	0	-0.0032828666666668838
1091	61	50	0.0014867999999998254
1091	61	100	-7.286523809526228e-4
1091	61	150	0.03535303333333317
1091	61	200	0.03350529999999977
1091	61	250	0.019098061904761692
1091	61	300	0.0029212999999998304
1091	61	350	-0.05647703333333368
1091	61	400	-0.09176936666666695
1091	61	450	-0.13235386666666696
1091	61	500	-0.14665170000000027
1091	61	550	-0.1469808666666669
1091	61	600	-0.1279222000000003
1091	61	650	-0.12655536666666692
1091	61	700	-0.0883465333333336
1091	61	750	-0.04900370000000024
1091	61	800	-0.024862700000000276
1091	61	850	-0.02311186666666698
1091	61	900	-0.05417270000000022
1091	61	950	-0.07319536666666693
1091	61	1e3	-0.0698520333333336
1091	61	1050	-0.10063436666666685
1091	61	1100	-0.07609403333333353
1091	61	1150	-0.1257410333333336
1091	62	-200	NA
1091	62	-150	NA
1091	62	-100	NA
1091	62	-50	NA
1091	62	0	NA
1091	62	50	NA
1091	62	100	NA
1091	62	150	NA
1091	62	200	NA
1091	62	250	NA
1091	62	300	NA
1091	62	350	NA
1091	62	400	NA
1091	62	450	NA
1091	62	500	NA
1091	62	550	NA
1091	62	600	NA
1091	62	650	NA
1091	62	700	NA
1091	62	750	NA
1091	62	800	NA
1091	62	850	NA
1091	62	900	NA
1091	62	950	NA
1091	62	1e3	NA
1091	62	1050	NA
1091	62	1100	NA
1091	62	1150	NA
1091	63	-200	0.03650769999999981
1091	63	-150	0.00729669999999986
1091	63	-100	-0.00511746666666683
1091	63	-50	-0.005364633333333553
1091	63	0	-0.03332230000000003
1091	63	50	-0.02278080000000012
1091	63	100	-0.03679530000000001
1091	63	150	-0.052669633333333556
1091	63	200	-0.06853363333333336
1091	63	250	-0.05500596666666676
1091	63	300	-0.0677100380952382
1091	63	350	-0.10001446666666665
1091	63	400	-0.1469164666666667
1091	63	450	-0.1555211333333335
1091	63	500	-0.14599313333333339
1091	63	550	-0.1320446333333333
1091	63	600	-0.10922063333333336
1091	63	650	-0.07063996666666676
1091	63	700	-0.057614895238095265
1091	63	750	-0.030521133333333433
1091	63	800	-0.010786466666666753
1091	63	850	-0.019300066666666726
1091	63	900	-0.02685146666666675
1091	63	950	-0.004068133333333372
1091	63	1e3	0.0012255333333333063
1091	63	1050	-0.0016184666666666885
1091	63	1100	0.01434936666666653
1091	63	1150	-0.12467146666666684
1091	64	-200	-0.02351539170506919
1091	64	-150	0.00345748924731167
1091	64	-100	0.03403848924731171
1091	64	-50	-3.2567741935496386e-4
1091	64	0	-0.009735677419354957
1091	64	50	0.010040489247311823
1091	64	100	0.04595498924731182
1091	64	150	0.04061998924731173
1091	64	200	0.019367655913978377
1091	64	250	0.006151822580645098
1091	64	300	-0.00406717741935488
1091	64	350	0.01660448924731169
1091	64	400	0.0404229892473118
1091	64	450	0.0649743225806451
1091	64	500	0.09001748924731172
1091	64	550	0.1178861559139784
1091	64	600	0.12905698924731177
1091	64	650	0.15309715591397843
1091	64	700	0.14661882258064515
1091	64	750	0.12412898924731179
1091	64	800	0.072144322580645
1091	64	850	0.03233465591397833
1091	64	900	0.005844155913978429
1091	64	950	-0.012330177419354937
1091	64	1e3	-0.02855817741935492
1091	64	1050	-0.09334117741935488
1091	64	1100	NA
1091	64	1150	NA
1091	65	-200	NA
1091	65	-150	NA
1091	65	-100	NA
1091	65	-50	NA
1091	65	0	NA
1091	65	50	NA
1091	65	100	NA
1091	65	150	NA
1091	65	200	NA
1091	65	250	NA
1091	65	300	NA
1091	65	350	NA
1091	65	400	NA
1091	65	450	NA
1091	65	500	NA
1091	65	550	NA
1091	65	600	NA
1091	65	650	NA
1091	65	700	NA
1091	65	750	NA
1091	65	800	NA
1091	65	850	NA
1091	65	900	NA
1091	65	950	NA
1091	65	1e3	NA
1091	65	1050	NA
1091	65	1100	NA
1091	65	1150	NA
1091	66	-200	0.029384499999999775
1091	66	-150	0.0073314999999997505
1091	66	-100	-0.02562683333333345
1091	66	-50	-0.027624095238095375
1091	66	0	0.02536673333333326
1091	66	50	-0.006601666666666871
1091	66	100	-0.03778916666666691
1091	66	150	-0.05085000000000021
1091	66	200	-0.10071916666666685
1091	66	250	-0.1449058333333336
1091	66	300	-0.17287566666666687
1091	66	350	NA
1091	66	400	-0.1908456666666667
1091	66	450	NA
1091	66	500	NA
1091	66	550	NA
1091	66	600	NA
1091	66	650	NA
1091	66	700	NA
1091	66	750	NA
1091	66	800	NA
1091	66	850	NA
1091	66	900	NA
1091	66	950	NA
1091	66	1e3	NA
1091	66	1050	0.1429140833333331
1091	66	1100	-0.23575526666666677
1091	66	1150	-0.2782463333333336
1091	67	-200	0.020718586021505263
1091	67	-150	0.009996586021505216
1091	67	-100	0.004855252688171848
1091	67	-50	-0.04763058064516142
1091	67	0	0.010337276497695733
1091	67	50	0.01897521935483857
1091	67	100	0.022925086021505264
1091	67	150	0.040387752688171887
1091	67	200	0.04018225268817196
1091	67	250	0.02771991935483853
1091	67	300	0.07688108602150523
1091	67	350	0.12551191935483855
1091	67	400	0.08712525268817184
1091	67	450	0.18262441935483867
1091	67	500	0.16281558602150525
1091	67	550	0.007862919354838738
1091	67	600	NA
1091	67	650	NA
1091	67	700	NA
1091	67	750	NA
1091	67	800	NA
1091	67	850	NA
1091	67	900	NA
1091	67	950	0.013026419354838392
1091	67	1e3	0.17600391935483847
1091	67	1050	0.21045525268817186
1091	67	1100	0.20185775268817188
1091	67	1150	0.1716475860215052
1091	68	-200	NA
1091	68	-150	NA
1091	68	-100	NA
1091	68	-50	NA
1091	68	0	NA
1091	68	50	NA
1091	68	100	NA
1091	68	150	NA
1091	68	200	NA
1091	68	250	NA
1091	68	300	NA
1091	68	350	NA
1091	68	400	NA
1091	68	450	NA
1091	68	500	NA
1091	68	550	NA
1091	68	600	NA
1091	68	650	NA
1091	68	700	NA
1091	68	750	NA
1091	68	800	NA
1091	68	850	NA
1091	68	900	NA
1091	68	950	NA
1091	68	1e3	NA
1091	68	1050	NA
1091	68	1100	NA
1091	68	1150	NA
1091	69	-200	0.019648497695852325
1091	69	-150	0.010180688172042837
1091	69	-100	0.006767354838709568
1091	69	-50	0.0010556881720428606
1091	69	0	-0.04092697849462379
1091	69	50	-0.054921645161290535
1091	69	100	-0.06524064516129051
1091	69	150	-0.10475981182795706
1091	69	200	-0.046232978494623676
1091	69	250	-0.06688681182795701
1091	69	300	-0.07459247849462376
1091	69	350	-0.04120947849462375
1091	69	400	-0.014571645161290428
1091	69	450	0.006093521505376269
1091	69	500	0.02320485483870967
1091	69	550	0.04993702150537627
1091	69	600	0.10101318817204293
1091	69	650	0.14747502150537609
1091	69	700	0.13629952150537625
1091	69	750	0.1568473548387094
1091	69	800	0.16328002150537624
1091	69	850	0.16371118817204292
1091	69	900	0.17454252150537627
1091	69	950	0.19168485483870956
1091	69	1e3	0.22834252150537626
1091	69	1050	0.23940095483870943
1091	69	1100	0.2665770691244239
1091	69	1150	0.2449616881720429
1091	70	-200	-0.0028561517241377566
1091	70	-150	-0.009267718390804461
1091	70	-100	-0.011406385057471047
1091	70	-50	0.0030547816091957003
1091	70	0	0.019999448275862235
1091	70	50	0.05056994827586229
1091	70	100	0.07432678160919563
1091	70	150	0.0659144482758623
1091	70	200	0.08384778160919575
1091	70	250	0.0653894482758622
1091	70	300	0.05694961494252904
1091	70	350	0.07649844827586232
1091	70	400	0.06861644827586229
1091	70	450	0.0896592816091956
1091	70	500	0.10421961494252903
1091	70	550	0.08975228160919564
1091	70	600	0.12574478160919567
1091	70	650	0.128379614942529
1091	70	700	0.13358461494252905
1091	70	750	0.14975728160919566
1091	70	800	0.1185909482758624
1091	70	850	0.06040594827586232
1091	70	900	0.03382111494252893
1091	70	950	0.00944178160919562
1091	70	1e3	-0.007646551724137603
1091	70	1050	-0.038451051724137576
1091	70	1100	-0.04228155172413772
1091	70	1150	-0.056550885057471044
1091	71	-200	-0.009414880184331929
1091	71	-150	-0.0029659516129034724
1091	71	-100	-0.009884784946236827
1091	71	-50	0.016324381720429937
1091	71	0	0.007510381720429911
1091	71	50	0.03229271505376322
1091	71	100	0.03740888172042989
1091	71	150	0.06236704838709661
1091	71	200	0.05461788172042984
1091	71	250	0.07572771505376319
1091	71	300	0.11167704838709651
1091	71	350	0.1390880483870965
1091	71	400	0.12120754838709653
1091	71	450	0.10282488172042988
1091	71	500	0.16723988172042983
1091	71	550	0.21140454838709655
1091	71	600	0.20544788172042994
1091	71	650	NA
1091	71	700	NA
1091	71	750	NA
1091	71	800	NA
1091	71	850	NA
1091	71	900	NA
1091	71	950	NA
1091	71	1e3	NA
1091	71	1050	NA
1091	71	1100	NA
1091	71	1150	0.23572704838709657
1091	72	-200	0.03754746082949329
1091	72	-150	-0.008336134408602147
1091	72	-100	-0.012258467741935434
1091	72	-50	-0.0056996344086019946
1091	72	0	-0.01751113440860208
1091	72	50	-0.0017881344086020008
1091	72	100	0.012685365591397954
1091	72	150	0.04815469892473131
1091	72	200	0.046745198924731245
1091	72	250	0.06919203225806458
1091	72	300	0.09196386559139798
1091	72	350	0.0810848655913979
1091	72	400	0.09638136559139787
1091	72	450	0.11177219892473134
1091	72	500	0.09870669892473131
1091	72	550	0.12853319892473128
1091	72	600	0.14355403225806454
1091	72	650	0.15924653225806473
1091	72	700	0.19196169892473117
1091	72	750	0.21518236559139794
1091	72	800	0.229573865591398
1091	72	850	0.23908053225806455
1091	72	900	0.19837386559139802
1091	72	950	0.179090865591398
1091	72	1e3	0.1694251989247312
1091	72	1050	0.13277236559139802
1091	72	1100	0.11995419892473132
1091	72	1150	0.13240519892473124
1091	73	-200	NA
1091	73	-150	NA
1091	73	-100	0.044043744360902144
1091	73	-50	-0.02032851754385982
1091	73	0	-0.031055850877193054
1091	73	50	-0.06731501754385964
1091	73	100	-0.04572918421052644
1091	73	150	-0.051642684210526424
1091	73	200	NA
1091	73	250	NA
1091	73	300	NA
1091	73	350	NA
1091	73	400	NA
1091	73	450	NA
1091	73	500	NA
1091	73	550	NA
1091	73	600	NA
1091	73	650	NA
1091	73	700	NA
1091	73	750	NA
1091	73	800	NA
1091	73	850	NA
1091	73	900	NA
1091	73	950	NA
1091	73	1e3	NA
1091	73	1050	NA
1091	73	1100	NA
1091	73	1150	NA
1091	74	-200	0.0055244516129031905
1091	74	-150	0.011128451612903248
1091	74	-100	0.005026951612903193
1091	74	-50	-0.006585048387096837
1091	74	0	-0.016015548387096807
1091	74	50	-0.06388504838709681
1091	74	100	-0.09741088172043007
1091	74	150	-0.08318504838709684
1091	74	200	-0.10964154838709687
1091	74	250	-0.08514338172043012
1091	74	300	0.03779078494623652
1091	74	350	0.06255378494623647
1091	74	400	0.0023416182795698384
1091	74	450	0.03128878494623651
1091	74	500	0.03582028494623657
1091	74	550	0.06915595161290315
1091	74	600	0.11687728494623666
1091	74	650	0.14091645161290312
1091	74	700	0.1663884516129032
1091	74	750	NA
1091	74	800	NA
1091	74	850	NA
1091	74	900	NA
1091	74	950	NA
1091	74	1e3	NA
1091	74	1050	NA
1091	74	1100	NA
1091	74	1150	-0.04027754838709696
1091	75	-200	NA
1091	75	-150	NA
1091	75	-100	NA
1091	75	-50	NA
1091	75	0	NA
1091	75	50	NA
1091	75	100	NA
1091	75	150	NA
1091	75	200	NA
1091	75	250	NA
1091	75	300	NA
1091	75	350	NA
1091	75	400	NA
1091	75	450	NA
1091	75	500	NA
1091	75	550	NA
1091	75	600	NA
1091	75	650	NA
1091	75	700	NA
1091	75	750	NA
1091	75	800	NA
1091	75	850	NA
1091	75	900	NA
1091	75	950	NA
1091	75	1e3	NA
1091	75	1050	NA
1091	75	1100	NA
1091	75	1150	NA
1091	76	-200	-0.015593633333333376
1091	76	-150	-0.008019966666666711
1091	76	-100	0.0014960333333333686
1091	76	-50	0.013395866666666626
1091	76	0	0.008721699999999869
1091	76	50	0.024431366666666603
1091	76	100	0.01727003333333325
1091	76	150	0.02200753333333331
1091	76	200	-0.014976466666666743
1091	76	250	-0.01742946666666671
1091	76	300	0.0028638666666666404
1091	76	350	0.0028410333333332982
1091	76	400	0.029910866666666685
1091	76	450	0.046282366666666595
1091	76	500	0.024525866666666635
1091	76	550	0.049933199999999824
1091	76	600	0.0314090333333333
1091	76	650	0.07226319999999993
1091	76	700	0.036691033333333234
1091	76	750	0.10447019999999996
1091	76	800	0.09120319999999989
1091	76	850	0.07106819999999996
1091	76	900	0.07010069999999995
1091	76	950	0.09789636666666657
1091	76	1e3	0.05071486666666666
1091	76	1050	0.07386953333333317
1091	76	1100	0.08972236666666666
1091	76	1150	0.08248289047619048
1091	77	-200	NA
1091	77	-150	NA
1091	77	-100	NA
1091	77	-50	NA
1091	77	0	NA
1091	77	50	NA
1091	77	100	NA
1091	77	150	NA
1091	77	200	NA
1091	77	250	NA
1091	77	300	NA
1091	77	350	NA
1091	77	400	NA
1091	77	450	NA
1091	77	500	NA
1091	77	550	NA
1091	77	600	NA
1091	77	650	NA
1091	77	700	NA
1091	77	750	NA
1091	77	800	NA
1091	77	850	NA
1091	77	900	NA
1091	77	950	NA
1091	77	1e3	NA
1091	77	1050	NA
1091	77	1100	NA
1091	77	1150	NA
1091	78	-200	NA
1091	78	-150	NA
1091	78	-100	NA
1091	78	-50	NA
1091	78	0	NA
1091	78	50	NA
1091	78	100	NA
1091	78	150	NA
1091	78	200	NA
1091	78	250	NA
1091	78	300	NA
1091	78	350	NA
1091	78	400	NA
1091	78	450	NA
1091	78	500	NA
1091	78	550	NA
1091	78	600	NA
1091	78	650	NA
1091	78	700	NA
1091	78	750	NA
1091	78	800	NA
1091	78	850	NA
1091	78	900	NA
1091	78	950	NA
1091	78	1e3	NA
1091	78	1050	NA
1091	78	1100	NA
1091	78	1150	NA
1091	79	-200	0
1091	79	-150	NA
1091	79	-100	NA
1091	79	-50	NA
1091	79	0	NA
1091	79	50	NA
1091	79	100	NA
1091	79	150	NA
1091	79	200	NA
1091	79	250	NA
1091	79	300	NA
1091	79	350	NA
1091	79	400	NA
1091	79	450	0.28588966666666654
1091	79	500	0.07162299999999984
1091	79	550	0.11643216666666649
1091	79	600	0.15640457142857128
1091	79	650	0.10797399999999986
1091	79	700	NA
1091	79	750	NA
1091	79	800	NA
1091	79	850	NA
1091	79	900	NA
1091	79	950	NA
1091	79	1e3	NA
1091	79	1050	NA
1091	79	1100	NA
1091	79	1150	NA
1091	80	-200	NA
1091	80	-150	NA
1091	80	-100	NA
1091	80	-50	NA
1091	80	0	NA
1091	80	50	NA
1091	80	100	NA
1091	80	150	NA
1091	80	200	NA
1091	80	250	NA
1091	80	300	NA
1091	80	350	NA
1091	80	400	NA
1091	80	450	NA
1091	80	500	NA
1091	80	550	NA
1091	80	600	NA
1091	80	650	NA
1091	80	700	NA
1091	80	750	NA
1091	80	800	NA
1091	80	850	NA
1091	80	900	NA
1091	80	950	NA
1091	80	1e3	NA
1091	80	1050	NA
1091	80	1100	NA
1091	80	1150	NA
1091	81	-200	NA
1091	81	-150	NA
1091	81	-100	2.220446049250313e-16
1091	81	-50	NA
1091	81	0	NA
1091	81	50	NA
1091	81	100	NA
1091	81	150	NA
1091	81	200	NA
1091	81	250	NA
1091	81	300	NA
1091	81	350	NA
1091	81	400	NA
1091	81	450	NA
1091	81	500	0.5723960000000003
1091	81	550	-0.49609099999999984
1091	81	600	NA
1091	81	650	NA
1091	81	700	NA
1091	81	750	NA
1091	81	800	NA
1091	81	850	NA
1091	81	900	NA
1091	81	950	NA
1091	81	1e3	NA
1091	81	1050	NA
1091	81	1100	NA
1091	81	1150	NA
1091	82	-200	-0.0018646945812809282
1091	82	-150	0.012513781609195362
1091	82	-100	0.013869614942528585
1091	82	-50	-0.011286385057471371
1091	82	0	-0.019382301724137907
1091	82	50	NA
1091	82	100	NA
1091	82	150	NA
1091	82	200	0.01517144827586181
1091	82	250	-0.05436788505747144
1091	82	300	-0.025985551724138033
1091	82	350	0.007424448275862083
1091	82	400	0.14588328160919528
1091	82	450	0.132885448275862
1091	82	500	0.12851444827586192
1091	82	550	0.17289094827586196
1091	82	600	0.16599744827586202
1091	82	650	-0.028864885057471312
1091	82	700	NA
1091	82	750	NA
1091	82	800	NA
1091	82	850	NA
1091	82	900	NA
1091	82	950	NA
1091	82	1e3	NA
1091	82	1050	NA
1091	82	1100	NA
1091	82	1150	NA
1091	83	-200	-0.003646366666666697
1091	83	-150	0.028112966666666628
1091	83	-100	0.00601896666666657
1091	83	-50	-0.009686533333333358
1091	83	0	-0.02079903333333344
1091	83	50	-0.041717366666666734
1091	83	100	-0.025117700000000093
1091	83	150	-0.037595700000000155
1091	83	200	-0.02184436666666671
1091	83	250	-0.0472815333333334
1091	83	300	-0.01843236666666666
1091	83	350	0.011457633333333236
1091	83	400	-0.01568919999999996
1091	83	450	0.011049966666666652
1091	83	500	0.026655133333333286
1091	83	550	0.0671764666666667
1091	83	600	0.1258682999999999
1091	83	650	0.1336436333333332
1091	83	700	0.16683479999999995
1091	83	750	0.1129059666666666
1091	83	800	0.09230063333333331
1091	83	850	0.033908466666666616
1091	83	900	0.02126679999999992
1091	83	950	NA
1091	83	1e3	NA
1091	83	1050	NA
1091	83	1100	NA
1091	83	1150	NA
1091	84	-200	-0.025880096774193766
1091	84	-150	-0.011497430107527018
1091	84	-100	0.0013270698924729245
1091	84	-50	0.021526236559139766
1091	84	0	0.018837569892473056
1091	84	50	-0.002202096774193585
1091	84	100	0.007667569892472932
1091	84	150	0.022009903225806315
1091	84	200	-0.011221430107527
1091	84	250	-0.03180226344086027
1091	84	300	-0.03786076344086039
1091	84	350	-0.04608693010752692
1091	84	400	-0.043410763440860256
1091	84	450	-0.06584676344086045
1091	84	500	-0.09609826344086025
1091	84	550	-0.08642709677419365
1091	84	600	-0.12705276344086033
1091	84	650	-0.16136209677419364
1091	84	700	-0.13350043010752696
1091	84	750	-0.2031190967741936
1091	84	800	-0.246286930107527
1091	84	850	-0.24788493010752707
1091	84	900	-0.26480643010752697
1091	84	950	-0.29271226344086027
1091	84	1e3	-0.3036089301075271
1091	84	1050	-0.31720393010752707
1091	84	1100	-0.3582025967741937
1091	84	1150	-0.3860262634408604
1091	85	-200	0.006812100000000025
1091	85	-150	-0.0182043999999999
1091	85	-100	-0.015987066666666532
1091	85	-50	0.006363933333333405
1091	85	0	0.02101543333333337
1091	85	50	0.03144610000000014
1091	85	100	0.022946433333333422
1091	85	150	0.031328600000000074
1091	85	200	0.025473600000000134
1091	85	250	0.02708676666666676
1091	85	300	-0.024379066666666633
1091	85	350	0.006467600000000055
1091	85	400	-0.026817733333333187
1091	85	450	-0.06818606666666671
1091	85	500	NA
1091	85	550	NA
1091	85	600	NA
1091	85	650	NA
1091	85	700	NA
1091	85	750	NA
1091	85	800	NA
1091	85	850	NA
1091	85	900	NA
1091	85	950	NA
1091	85	1e3	NA
1091	85	1050	NA
1091	85	1100	NA
1091	85	1150	NA
1091	86	-200	0.025685400000000032
1091	86	-150	0.03689640000000001
1091	86	-100	-0.0316873142857142
1091	86	-50	-0.022380100000000052
1091	86	0	-0.0016375999999998392
1091	86	50	-0.007371599999999923
1091	86	100	0.003589114285714385
1091	86	150	-0.008603999999999879
1091	86	200	0.020493566666666723
1091	86	250	0.0315067333333335
1091	86	300	0.10309990000000006
1091	86	350	0.15866373333333347
1091	86	400	0.22864340000000016
1091	86	450	0.25371440000000006
1091	86	500	0.2437470666666667
1091	86	550	0.30475956666666687
1091	86	600	0.3468289000000002
1091	86	650	0.3189194
1091	86	700	0.2736185666666667
1091	86	750	0.2009435666666668
1091	86	800	0.17664023333333337
1091	86	850	0.16204740000000006
1091	86	900	0.13146906666666677
1091	86	950	0.10138723333333337
1091	86	1e3	0.08725956666666675
1091	86	1050	0.012184566666666749
1091	86	1100	-0.16006509999999996
1091	86	1150	NA
1091	87	-200	NA
1091	87	-150	NA
1091	87	-100	NA
1091	87	-50	NA
1091	87	0	NA
1091	87	50	NA
1091	87	100	NA
1091	87	150	NA
1091	87	200	NA
1091	87	250	NA
1091	87	300	NA
1091	87	350	NA
1091	87	400	NA
1091	87	450	NA
1091	87	500	NA
1091	87	550	NA
1091	87	600	NA
1091	87	650	NA
1091	87	700	NA
1091	87	750	NA
1091	87	800	NA
1091	87	850	NA
1091	87	900	NA
1091	87	950	NA
1091	87	1e3	NA
1091	87	1050	NA
1091	87	1100	NA
1091	87	1150	NA
1091	88	-200	NA
1091	88	-150	NA
1091	88	-100	NA
1091	88	-50	NA
1091	88	0	NA
1091	88	50	NA
1091	88	100	NA
1091	88	150	NA
1091	88	200	NA
1091	88	250	NA
1091	88	300	NA
1091	88	350	NA
1091	88	400	NA
1091	88	450	NA
1091	88	500	NA
1091	88	550	NA
1091	88	600	NA
1091	88	650	NA
1091	88	700	NA
1091	88	750	NA
1091	88	800	NA
1091	88	850	NA
1091	88	900	NA
1091	88	950	NA
1091	88	1e3	NA
1091	88	1050	NA
1091	88	1100	NA
1091	88	1150	NA
1091	89	-200	NA
1091	89	-150	NA
1091	89	-100	NA
1091	89	-50	NA
1091	89	0	NA
1091	89	50	NA
1091	89	100	NA
1091	89	150	NA
1091	89	200	NA
1091	89	250	NA
1091	89	300	NA
1091	89	350	NA
1091	89	400	NA
1091	89	450	NA
1091	89	500	NA
1091	89	550	NA
1091	89	600	NA
1091	89	650	NA
1091	89	700	NA
1091	89	750	NA
1091	89	800	NA
1091	89	850	NA
1091	89	900	NA
1091	89	950	NA
1091	89	1e3	NA
1091	89	1050	NA
1091	89	1100	NA
1091	89	1150	NA
1091	91	-200	NA
1091	91	-150	NA
1091	91	-100	NA
1091	91	-50	NA
1091	91	0	NA
1091	91	50	NA
1091	91	100	NA
1091	91	150	NA
1091	91	200	NA
1091	91	250	NA
1091	91	300	NA
1091	91	350	NA
1091	91	400	NA
1091	91	450	NA
1091	91	500	NA
1091	91	550	NA
1091	91	600	NA
1091	91	650	NA
1091	91	700	NA
1091	91	750	NA
1091	91	800	NA
1091	91	850	NA
1091	91	900	NA
1091	91	950	NA
1091	91	1e3	NA
1091	91	1050	NA
1091	91	1100	NA
1091	91	1150	NA
1091	92	-200	NA
1091	92	-150	NA
1091	92	-100	NA
1091	92	-50	NA
1091	92	0	NA
1091	92	50	NA
1091	92	100	NA
1091	92	150	NA
1091	92	200	NA
1091	92	250	NA
1091	92	300	NA
1091	92	350	NA
1091	92	400	NA
1091	92	450	NA
1091	92	500	NA
1091	92	550	NA
1091	92	600	NA
1091	92	650	NA
1091	92	700	NA
1091	92	750	NA
1091	92	800	NA
1091	92	850	NA
1091	92	900	NA
1091	92	950	NA
1091	92	1e3	NA
1091	92	1050	NA
1091	92	1100	NA
1091	92	1150	NA
1091	93	-200	-0.010509387096774197
1091	93	-150	-0.00343238709677407
1091	93	-100	-0.0077553870967742205
1091	93	-50	0.02739377956989249
1091	93	0	-0.003945053763440898
1091	93	50	-0.004092387096774175
1091	93	100	0.006791112903225723
1091	93	150	-0.0773190537634408
1091	93	200	-0.15432755376344084
1091	93	250	-0.0785652204301075
1091	93	300	-0.12391063709677419
1091	93	350	-0.11752938709677423
1091	93	400	-0.14421188709677413
1091	93	450	-0.16490872043010749
1091	93	500	-0.15168288709677422
1091	93	550	-0.17004198709677415
1091	93	600	-0.21344388709677417
1091	93	650	-0.16783255376344086
1091	93	700	-0.2697405537634409
1091	93	750	-0.2378143870967743
1091	93	800	-0.27429322043010745
1091	93	850	-0.3375687204301075
1091	93	900	-0.3233283870967742
1091	93	950	-0.35158088709677426
1091	93	1e3	-0.3709357204301076
1091	93	1050	-0.36209138709677413
1091	93	1100	-0.32395988709677415
1091	93	1150	-0.32149955376344086
1091	94	-200	-0.022493497695852533
1091	94	-150	-0.00878218817204283
1091	94	-100	0.0041711451612903945
1091	94	-50	0.015922478494623693
1091	94	0	0.014930978494623806
1091	94	50	0.019717311827957145
1091	94	100	0.0296989784946237
1091	94	150	0.04844547849462377
1091	94	200	0.060225811827957054
1091	94	250	0.040032311827957
1091	94	300	0.011973478494623787
1091	94	350	0.002812478494623738
1091	94	400	0.04508481182795706
1091	94	450	0.06314831182795706
1091	94	500	0.047016145161290344
1091	94	550	0.11415997849462374
1091	94	600	0.06955681182795703
1091	94	650	0.09232931182795712
1091	94	700	0.048817145161290355
1091	94	750	0.029016811827957012
1091	94	800	0.028049145161290385
1091	94	850	-0.0026273548387096093
1091	94	900	-0.01413485483870954
1091	94	950	-0.10753285483870956
1091	94	1e3	-0.11918018817204297
1091	94	1050	-0.16296618817204292
1091	94	1100	-0.176295688172043
1091	94	1150	-0.11503002150537633
1091	95	-200	0.017054387096774155
1091	95	-150	-0.012857946236559226
1091	95	-100	0.005146720430107443
1091	95	-50	-0.005296112903225921
1091	95	0	-0.006889446236559256
1091	95	50	-0.00852694623655914
1091	95	100	0.010655387096774124
1091	95	150	0.008261887096774112
1091	95	200	-0.017282946236559276
1091	95	250	-0.02088494623655916
1091	95	300	-0.029292946236559352
1091	95	350	-0.035822779569892514
1091	95	400	-0.03176911290322589
1091	95	450	-0.04492961290322587
1091	95	500	-0.04402027956989266
1091	95	550	-0.047371779569892615
1091	95	600	-0.05472711290322577
1091	95	650	-0.15710327956989248
1091	95	700	NA
1091	95	750	NA
1091	95	800	NA
1091	95	850	NA
1091	95	900	NA
1091	95	950	NA
1091	95	1e3	NA
1091	95	1050	NA
1091	95	1100	NA
1091	95	1150	-0.03689561290322585
1091	96	-200	0.005727733333333577
1091	96	-150	-0.04294543333333315
1091	96	-100	-0.01254493333333325
1091	96	-50	0.02912690000000014
1091	96	0	0.0206357333333335
1091	96	50	0.05508523333333345
1091	96	100	0.04026106666666688
1091	96	150	0.04792523333333354
1091	96	200	0.08814706666666676
1091	96	250	0.06880406666666687
1091	96	300	0.022123400000000053
1091	96	350	1.1156666666689574e-4
1091	96	400	-0.02191209999999984
1091	96	450	-0.007983433333333142
1091	96	500	2.098047619048923e-4
1091	96	550	0.03475263333333345
1091	96	600	0.04189609047619066
1091	96	650	0.035744900000000225
1091	96	700	-0.0014129333333331069
1091	96	750	-0.056072766666666496
1091	96	800	-0.09787143333333304
1091	96	850	-0.12095343333333315
1091	96	900	-0.17446326666666634
1091	96	950	NA
1091	96	1e3	-0.10559376666666642
1091	96	1050	-0.14995876666666647
1091	96	1100	-0.17002726666666645
1091	96	1150	-0.17406543333333305
1091	97	-200	0.0449695217391306
1091	97	-150	0.0134565217391307
1091	97	-100	0.014903855072463982
1091	97	-50	-0.12123722826086936
1091	97	0	NA
1091	97	50	NA
1091	97	100	NA
1091	97	150	NA
1091	97	200	NA
1091	97	250	NA
1091	97	300	NA
1091	97	350	0.0920365217391308
1091	97	400	0.07963809316770203
1091	97	450	0.08330802173913066
1091	97	500	0.11261785507246407
1091	97	550	0.07336052173913066
1091	97	600	0.05135452173913069
1091	97	650	0.04401452173913071
1091	97	700	0.0014363550724639425
1091	97	750	-0.03629147826086935
1091	97	800	-0.012440978260869281
1091	97	850	0.029953021739130687
1091	97	900	0.013101521739130595
1091	97	950	0.011412021739130621
1091	97	1e3	0.013186521739130633
1091	97	1050	-0.041181478260869264
1091	97	1100	-0.07931481159420269
1091	97	1150	-0.12168347826086934
1091	98	-200	0.013276626728110776
1091	98	-150	0.01358581720430115
1091	98	-100	0.032246983870967805
1091	98	-50	-0.00927401612903204
1091	98	0	-0.05204818279569882
1091	98	50	-0.09836084946236541
1091	98	100	-0.13862868279569876
1091	98	150	-0.1754341827956988
1091	98	200	-0.20919501612903213
1091	98	250	-0.2342040161290321
1091	98	300	-0.25003268279569874
1091	98	350	-0.24884434946236547
1091	98	400	-0.25607634946236546
1091	98	450	-0.25892901612903213
1091	98	500	-0.2820676827956989
1091	98	550	-0.2909341827956988
1091	98	600	-0.29798284946236536
1091	98	650	-0.28783351612903213
1091	98	700	-0.27122351612903217
1091	98	750	-0.24324368279569883
1091	98	800	-0.2419015161290321
1091	98	850	-0.21562518279569876
1091	98	900	-0.19425434946236533
1091	98	950	-0.18514384946236548
1091	98	1e3	-0.2014910161290322
1091	98	1050	-0.20912818279569878
1091	98	1100	-0.21637184946236543
1091	98	1150	-0.22471784946236548
1091	99	-200	NA
1091	99	-150	NA
1091	99	-100	0.05696371428571423
1091	99	-50	-0.00341628571428584
1091	99	0	-0.005508285714285854
1091	99	50	-0.012335619047619298
1091	99	100	0.022664047619047462
1091	99	150	0.010744047619047384
1091	99	200	0.019436380952380688
1091	99	250	0.03651521428571406
1091	99	300	0.03465238095238088
1091	99	350	0.047380380952380875
1091	99	400	0.05711904761904759
1091	99	450	0.07275021428571415
1091	99	500	0.07570271428571414
1091	99	550	0.0793732142857142
1091	99	600	0.09109438095238091
1091	99	650	0.06772388095238087
1091	99	700	0.041994214285714225
1091	99	750	-0.014139619047619215
1091	99	800	-0.021635785714285927
1091	99	850	-0.06088428571428587
1091	99	900	-0.07739861904761917
1091	99	950	-0.07857961904761912
1091	99	1e3	-0.12506628571428577
1091	99	1050	-0.19027278571428585
1091	99	1100	NA
1091	99	1150	NA
1091	100	-200	NA
1091	100	-150	NA
1091	100	-100	NA
1091	100	-50	NA
1091	100	0	NA
1091	100	50	NA
1091	100	100	NA
1091	100	150	NA
1091	100	200	NA
1091	100	250	NA
1091	100	300	NA
1091	100	350	NA
1091	100	400	NA
1091	100	450	NA
1091	100	500	NA
1091	100	550	NA
1091	100	600	NA
1091	100	650	NA
1091	100	700	NA
1091	100	750	NA
1091	100	800	NA
1091	100	850	NA
1091	100	900	NA
1091	100	950	NA
1091	100	1e3	NA
1091	100	1050	NA
1091	100	1100	NA
1091	100	1150	NA
1091	101	-200	NA
1091	101	-150	NA
1091	101	-100	0.07428384615384642
1091	101	-50	0.021263512820512902
1091	101	0	-0.033644153846153824
1091	101	50	-0.03696348717948713
1091	101	100	-0.0374059871794871
1091	101	150	-0.04394748717948708
1091	101	200	-0.033706987179487134
1091	101	250	-0.04726598717948708
1091	101	300	-0.040052820512820476
1091	101	350	-0.030410653846153785
1091	101	400	-0.025269153846153802
1091	101	450	-0.023726820512820417
1091	101	500	-0.004788153846153757
1091	101	550	-0.01723898717948698
1091	101	600	-0.006310820512820466
1091	101	650	0.018127179487179568
1091	101	700	0.04709384615384623
1091	101	750	-0.05336215384615387
1091	101	800	-0.2720301538461536
1091	101	850	NA
1091	101	900	NA
1091	101	950	NA
1091	101	1e3	NA
1091	101	1050	NA
1091	101	1100	NA
1091	101	1150	NA
1091	102	-200	0.025047875576036827
1091	102	-150	0.020559161290322574
1091	102	-100	0.006596327956989241
1091	102	-50	-0.010279838709677339
1091	102	0	-0.046098172043010775
1091	102	50	-0.06650350537634409
1091	102	100	-0.09527450537634412
1091	102	150	-0.12912583870967742
1091	102	200	-0.15268533870967746
1091	102	250	-0.1694061720430108
1091	102	300	-0.16906167204301079
1091	102	350	-0.1446418387096775
1091	102	400	-0.09974567204301084
1091	102	450	-0.0578391720430107
1091	102	500	-0.0031316720430107172
1091	102	550	0.026384994623655917
1091	102	600	0.060163161290322474
1091	102	650	0.08981416129032264
1091	102	700	0.04690266129032258
1091	102	750	0.05933332795698928
1091	102	800	0.05615066129032257
1091	102	850	0.03142816129032259
1091	102	900	-0.0029473387096774495
1091	102	950	-0.025967172043010727
1091	102	1e3	-0.021523672043010755
1091	102	1050	-0.041515838709677455
1091	102	1100	-0.05252367204301075
1091	102	1150	-0.07361450537634417
1091	103	-200	NA
1091	103	-150	NA
1091	103	-100	NA
1091	103	-50	NA
1091	103	0	NA
1091	103	50	NA
1091	103	100	NA
1091	103	150	NA
1091	103	200	NA
1091	103	250	NA
1091	103	300	NA
1091	103	350	NA
1091	103	400	NA
1091	103	450	NA
1091	103	500	NA
1091	103	550	NA
1091	103	600	NA
1091	103	650	NA
1091	103	700	NA
1091	103	750	NA
1091	103	800	NA
1091	103	850	NA
1091	103	900	NA
1091	103	950	NA
1091	103	1e3	NA
1091	103	1050	NA
1091	103	1100	NA
1091	103	1150	NA
1091	104	-200	0.01369915151515159
1091	104	-150	-0.011043931818181973
1091	104	-100	NA
1091	104	-50	-0.03801918181818165
1091	104	0	NA
1091	104	50	0.060436818181818154
1091	104	100	0.08376631818181808
1091	104	150	0.0790544848484848
1091	104	200	0.07036381818181818
1091	104	250	0.08432631818181813
1091	104	300	0.07639531818181815
1091	104	350	0.07240601818181824
1091	104	400	0.08314415151515142
1091	104	450	0.03443661818181809
1091	104	500	NA
1091	104	550	NA
1091	104	600	NA
1091	104	650	NA
1091	104	700	NA
1091	104	750	NA
1091	104	800	NA
1091	104	850	NA
1091	104	900	NA
1091	104	950	NA
1091	104	1e3	NA
1091	104	1050	NA
1091	104	1100	NA
1091	104	1150	NA
1091	105	-200	0.0010404331797233546
1091	105	-150	-0.03725187634408611
1091	105	-100	-0.0011808763440861458
1091	105	-50	0.013181290322580605
1091	105	0	0.024037623655913887
1091	105	50	0.02473095698924725
1091	105	100	0.05467295698924716
1091	105	150	0.055362623655913934
1091	105	200	0.029113623655913894
1091	105	250	0.03474862365591388
1091	105	300	0.051624623655913915
1091	105	350	0.08050162365591389
1091	105	400	0.13014945698924732
1091	105	450	0.15068495698924722
1091	105	500	0.18456912365591394
1091	105	550	0.20181879032258063
1091	105	600	0.20303562365591388
1091	105	650	0.24169762365591393
1091	105	700	0.15990795698924729
1091	105	750	NA
1091	105	800	NA
1091	105	850	NA
1091	105	900	NA
1091	105	950	NA
1091	105	1e3	NA
1091	105	1050	NA
1091	105	1100	NA
1091	105	1150	NA
1091	106	-200	-0.009530612903225702
1091	106	-150	-0.01316261290322577
1091	106	-100	-0.012877279569892522
1091	106	-50	-0.0010479462365591274
1091	106	0	0.0382068870967743
1091	106	50	0.0886993870967742
1091	106	100	0.06929338709677424
1091	106	150	0.07739222043010748
1091	106	200	0.09318738709677425
1091	106	250	0.13772155376344086
1091	106	300	0.1771667204301076
1091	106	350	0.20692772043010757
1091	106	400	0.2516778870967742
1091	106	450	0.2520542204301075
1091	106	500	0.2778985537634409
1091	106	550	0.3144850537634409
1091	106	600	0.37902805376344095
1091	106	650	0.33804722043010754
1091	106	700	0.34678038709677433
1091	106	750	0.3359267204301076
1091	106	800	0.2766988870967742
1091	106	850	0.2006500537634409
1091	106	900	0.15184822043010757
1091	106	950	0.0648057870967742
1091	106	1e3	0.07305538709677428
1091	106	1050	0.05624438709677415
1091	106	1100	0.037398187096774296
1091	106	1150	-0.006483612903225744
1091	107	-200	-0.013622419354838655
1091	107	-150	-0.02593341935483869
1091	107	-100	0.011120247311827924
1091	107	-50	0.02368458064516125
1091	107	0	0.007021413978494688
1091	107	50	0.12083824731182798
1091	107	100	0.08757841397849468
1091	107	150	0.071244780645161307
1091	107	200	0.07913686635944701
1091	107	250	0.09011541397849454
1091	107	300	0.09822041397849464
1091	107	350	0.1445055806451613
1091	107	400	0.11118374731182794
1091	107	450	0.0891120806451613
1091	107	500	0.05863191397849462
1091	107	550	0.08193241397849464
1091	107	600	0.12009858064516125
1091	107	650	0.1601510806451613
1091	107	700	0.12277524731182798
1091	107	750	0.1116489139784947
1091	107	800	0.03308158064516135
1091	107	850	0.05445824731182795
1091	107	900	-0.14144008602150526
1091	107	950	NA
1091	107	1e3	NA
1091	107	1050	NA
1091	107	1100	NA
1091	107	1150	NA
1091	108	-200	NA
1091	108	-150	NA
1091	108	-100	NA
1091	108	-50	NA
1091	108	0	0
1091	108	50	-0.05697566666666661
1091	108	100	-0.07746924999999993
1091	108	150	-0.10623159999999991
1091	108	200	-0.12860824999999987
1091	108	250	-0.15049733333333318
1091	108	300	NA
1091	108	350	NA
1091	108	400	NA
1091	108	450	NA
1091	108	500	NA
1091	108	550	NA
1091	108	600	NA
1091	108	650	NA
1091	108	700	NA
1091	108	750	NA
1091	108	800	NA
1091	108	850	NA
1091	108	900	NA
1091	108	950	NA
1091	108	1e3	NA
1091	108	1050	NA
1091	108	1100	NA
1091	108	1150	NA
1091	110	-200	0.021602545977011427
1091	110	-150	0.013129212643678093
1091	110	-100	9.621793103448794e-4
1091	110	-50	-0.0067287873563218374
1091	110	0	-0.028804787356321897
1091	110	50	-0.00841212068965517
1091	110	100	-0.014040120689655211
1091	110	150	-0.016516787356321894
1091	110	200	-0.045821454022988505
1091	110	250	-0.05728895402298847
1091	110	300	-0.03975528735632183
1091	110	350	0.005113212643678144
1091	110	400	0.03749504597701151
1091	110	450	0.058531045977011496
1091	110	500	0.056426879310344846
1091	110	550	0.0820277126436783
1091	110	600	0.10290204597701151
1091	110	650	0.10765937931034486
1091	110	700	0.06094871264367822
1091	110	750	NA
1091	110	800	NA
1091	110	850	NA
1091	110	900	NA
1091	110	950	NA
1091	110	1e3	NA
1091	110	1050	NA
1091	110	1100	NA
1091	110	1150	0.08452237931034468
1091	111	-200	NA
1091	111	-150	NA
1091	111	-100	NA
1091	111	-50	NA
1091	111	0	NA
1091	111	50	NA
1091	111	100	NA
1091	111	150	NA
1091	111	200	NA
1091	111	250	NA
1091	111	300	NA
1091	111	350	NA
1091	111	400	NA
1091	111	450	NA
1091	111	500	NA
1091	111	550	NA
1091	111	600	NA
1091	111	650	NA
1091	111	700	NA
1091	111	750	NA
1091	111	800	NA
1091	111	850	NA
1091	111	900	NA
1091	111	950	NA
1091	111	1e3	NA
1091	111	1050	NA
1091	111	1100	NA
1091	111	1150	NA
1091	112	-200	NA
1091	112	-150	NA
1091	112	-100	NA
1091	112	-50	NA
1091	112	0	NA
1091	112	50	NA
1091	112	100	NA
1091	112	150	NA
1091	112	200	NA
1091	112	250	NA
1091	112	300	NA
1091	112	350	NA
1091	112	400	NA
1091	112	450	NA
1091	112	500	NA
1091	112	550	NA
1091	112	600	NA
1091	112	650	NA
1091	112	700	NA
1091	112	750	NA
1091	112	800	NA
1091	112	850	NA
1091	112	900	NA
1091	112	950	NA
1091	112	1e3	NA
1091	112	1050	NA
1091	112	1100	NA
1091	112	1150	NA
1091	113	-200	0.07178536405529932
1091	113	-150	0.034213768817204025
1091	113	-100	-0.020602064516129188
1091	113	-50	-0.04482289784946262
1091	113	0	-0.052538397849462536
1091	113	50	-0.07749306451612936
1091	113	100	-0.10949156451612925
1091	113	150	-0.11582923118279598
1091	113	200	-0.1273645645161293
1091	113	250	-0.13578039784946264
1091	113	300	-0.169473731182796
1091	113	350	-0.12493956451612931
1091	113	400	-0.076325731182796
1091	113	450	-0.05815789784946257
1091	113	500	-0.02386489784946259
1091	113	550	-0.013630064516129211
1091	113	600	-0.019728064516129296
1091	113	650	-0.021878397849462623
1091	113	700	-0.002517731182795968
1091	113	750	-0.01892273118279597
1091	113	800	-0.05058773118279588
1091	113	850	-0.028454897849462608
1091	113	900	-0.04536873118279594
1091	113	950	-0.10980223118279597
1091	113	1e3	-0.11699039784946264
1091	113	1050	-0.1170538978494627
1091	113	1100	-0.109593231182796
1091	113	1150	-0.10966039784946265
1091	115	-200	0.037642708333333275
1091	115	-150	0.040791108333333256
1091	115	-100	0.042124208333333225
1091	115	-50	-0.0153762916666668
1091	115	0	-0.0670142916666668
1091	115	50	-0.09520562500000018
1091	115	100	NA
1091	115	150	NA
1091	115	200	NA
1091	115	250	NA
1091	115	300	NA
1091	115	350	NA
1091	115	400	NA
1091	115	450	NA
1091	115	500	NA
1091	115	550	-0.10124729166666668
1091	115	600	NA
1091	115	650	NA
1091	115	700	0.19630499404761892
1091	115	750	0.05743704166666652
1091	115	800	-0.06849695833333347
1091	115	850	NA
1091	115	900	NA
1091	115	950	NA
1091	115	1e3	NA
1091	115	1050	NA
1091	115	1100	NA
1091	115	1150	NA
1091	116	-200	NA
1091	116	-150	NA
1091	116	-100	NA
1091	116	-50	NA
1091	116	0	NA
1091	116	50	NA
1091	116	100	NA
1091	116	150	NA
1091	116	200	NA
1091	116	250	NA
1091	116	300	NA
1091	116	350	NA
1091	116	400	NA
1091	116	450	NA
1091	116	500	NA
1091	116	550	NA
1091	116	600	NA
1091	116	650	NA
1091	116	700	NA
1091	116	750	NA
1091	116	800	NA
1091	116	850	NA
1091	116	900	NA
1091	116	950	NA
1091	116	1e3	NA
1091	116	1050	NA
1091	116	1100	NA
1091	116	1150	NA
1091	117	-200	NA
1091	117	-150	NA
1091	117	-100	NA
1091	117	-50	NA
1091	117	0	NA
1091	117	50	NA
1091	117	100	NA
1091	117	150	NA
1091	117	200	NA
1091	117	250	NA
1091	117	300	NA
1091	117	350	NA
1091	117	400	NA
1091	117	450	NA
1091	117	500	NA
1091	117	550	NA
1091	117	600	NA
1091	117	650	NA
1091	117	700	NA
1091	117	750	NA
1091	117	800	NA
1091	117	850	NA
1091	117	900	NA
1091	117	950	NA
1091	117	1e3	NA
1091	117	1050	NA
1091	117	1100	NA
1091	117	1150	NA
1091	118	-200	-0.008547502304147627
1091	118	-150	0.01613752150537621
1091	118	-100	0.012229688172042877
1091	118	-50	-0.01167514516129057
1091	118	0	-0.006719978494623764
1091	118	50	0.0036178548387095777
1091	118	100	-0.005172145161290424
1091	118	150	-0.023355978494623786
1091	118	200	-0.008528311827957102
1091	118	250	-0.019251978494623827
1091	118	300	0.008740021505376191
1091	118	350	-0.0477364784946237
1091	118	400	-0.04076347849462388
1091	118	450	0.024332854838709467
1091	118	500	0.07060152150537628
1091	118	550	0.15873752150537612
1091	118	600	0.1425031881720428
1091	118	650	0.19035068817204284
1091	118	700	0.1797923548387094
1091	118	750	0.10574015483870954
1091	118	800	-0.17167264516129044
1091	118	850	NA
1091	118	900	NA
1091	118	950	NA
1091	118	1e3	NA
1091	118	1050	NA
1091	118	1100	NA
1091	118	1150	NA
1091	119	-200	NA
1091	119	-150	NA
1091	119	-100	NA
1091	119	-50	NA
1091	119	0	0
1091	119	50	-0.21713274999999999
1091	119	100	-0.24258816666666663
1091	119	150	-0.10009799999999995
1091	119	200	-0.02993700000000003
1091	119	250	0.02410140000000007
1091	119	300	0.010275833333333336
1091	119	350	0.00871366666666673
1091	119	400	-0.02250433333333331
1091	119	450	-0.08160133333333326
1091	119	500	-0.12977049999999993
1091	119	550	-0.16535799999999998
1091	119	600	-0.19002249999999998
1091	119	650	-0.1798506666666667
1091	119	700	-0.17319633333333329
1091	119	750	-0.17056150000000012
1091	119	800	-0.17489250000000003
1091	119	850	-0.22594000000000003
1091	119	900	-0.2695513333333333
1091	119	950	-0.10699266666666667
1091	119	1e3	-0.15649066666666664
1091	119	1050	-0.16869500000000004
1091	119	1100	-0.21844733333333335
1091	119	1150	-0.1570673333333333
1091	120	-200	NA
1091	120	-150	NA
1091	120	-100	NA
1091	120	-50	NA
1091	120	0	NA
1091	120	50	NA
1091	120	100	NA
1091	120	150	NA
1091	120	200	NA
1091	120	250	NA
1091	120	300	NA
1091	120	350	NA
1091	120	400	NA
1091	120	450	NA
1091	120	500	NA
1091	120	550	NA
1091	120	600	NA
1091	120	650	NA
1091	120	700	NA
1091	120	750	NA
1091	120	800	NA
1091	120	850	NA
1091	120	900	NA
1091	120	950	NA
1091	120	1e3	NA
1091	120	1050	NA
1091	120	1100	NA
1091	120	1150	NA
1091	121	-200	1.310238
1091	121	-150	-1.3102379999999996
1091	121	-100	NA
1091	121	-50	NA
1091	121	0	NA
1091	121	50	NA
1091	121	100	NA
1091	121	150	NA
1091	121	200	NA
1091	121	250	NA
1091	121	300	NA
1091	121	350	-1.0377673999999997
1091	121	400	-1.0195511666666663
1091	121	450	-0.945369833333333
1091	121	500	-0.9714066666666664
1091	121	550	-0.9877481666666663
1091	121	600	-1.0124671666666663
1091	121	650	-1.0618259999999997
1091	121	700	-1.1320351666666664
1091	121	750	-1.2412569999999996
1091	121	800	-1.3130479999999998
1091	121	850	NA
1091	121	900	NA
1091	121	950	NA
1091	121	1e3	NA
1091	121	1050	NA
1091	121	1100	NA
1091	121	1150	NA
1091	122	-200	-0.0030298999999999188
1091	122	-150	0.01779868333333338
1091	122	-100	-0.0685912928571428
1091	122	-50	NA
1091	122	0	0.12848885000000024
1091	122	50	0.05223985000000031
1091	122	100	0.060607100000000025
1091	122	150	0.11837034999999996
1091	122	200	0.054600350000000075
1091	122	250	-0.16911881666666653
1091	122	300	0.001125350000000062
1091	122	350	-0.04852314999999985
1091	122	400	-0.01703314999999983
1091	122	450	-0.08097031666666658
1091	122	500	-0.09784854999999996
1091	122	550	-0.08637214999999987
1091	122	600	-0.032233549999999854
1091	122	650	-0.006190983333333122
1091	122	700	0.047818350000000086
1091	122	750	0.10388501666666679
1091	122	800	0.19071535000000006
1091	122	850	0.3080314500000001
1091	122	900	0.2677883500000002
1091	122	950	0.35977268333333345
1091	122	1e3	0.3172478500000001
1091	122	1050	0.3402988500000001
1091	122	1100	0.26317570714285726
1091	122	1150	0.13024710000000017
1091	123	-200	0.019396511520737163
1091	123	-150	0.004486892473118213
1091	123	-100	0.017379392473118187
1091	123	-50	-0.007032607526881914
1091	123	0	-0.03746294086021525
1091	123	50	-0.039779607526881845
1091	123	100	-0.017216440860215194
1091	123	150	-0.03467227419354849
1091	123	200	-0.07457377419354845
1091	123	250	-0.04176710752688181
1091	123	300	0.015060225806451388
1091	123	350	0.07960705913978476
1091	123	400	0.1487485591397848
1091	123	450	0.17858139247311824
1091	123	500	0.18117922580645143
1091	123	550	0.23162505913978473
1091	123	600	0.2697394258064514
1091	123	650	0.24807322580645147
1091	123	700	0.1792075591397848
1091	123	750	NA
1091	123	800	NA
1091	123	850	NA
1091	123	900	NA
1091	123	950	NA
1091	123	1e3	NA
1091	123	1050	NA
1091	123	1100	NA
1091	123	1150	NA
1091	125	-200	0.021859516666666783
1091	125	-150	0.03482910000000017
1091	125	-100	-0.02358648333333339
1091	125	-50	-0.06388281666666658
1091	125	0	-0.0020163999999999183
1091	125	50	0.05086144999999993
1091	125	100	0.07494104999999988
1091	125	150	0.06301985
1091	125	200	0.10682985
1091	125	250	0.12529685000000002
1091	125	300	NA
1091	125	350	0.17175245000000006
1091	125	400	0.08610251666666668
1091	125	450	0.06474484999999994
1091	125	500	-0.8874279
1091	125	550	-0.2418936499999999
1091	125	600	0.07143065000000001
1091	125	650	0.1868340999999999
1091	125	700	0.16685013571428575
1091	125	750	0.12917485000000006
1091	125	800	-0.016192150000000183
1091	125	850	NA
1091	125	900	NA
1091	125	950	NA
1091	125	1e3	NA
1091	125	1050	NA
1091	125	1100	NA
1091	125	1150	NA
1091	126	-200	NA
1091	126	-150	2.220446049250313e-16
1091	126	-100	NA
1091	126	-50	NA
1091	126	0	NA
1091	126	50	NA
1091	126	100	NA
1091	126	150	NA
1091	126	200	NA
1091	126	250	NA
1091	126	300	NA
1091	126	350	NA
1091	126	400	NA
1091	126	450	NA
1091	126	500	NA
1091	126	550	NA
1091	126	600	0.3815485000000005
1091	126	650	NA
1091	126	700	NA
1091	126	750	NA
1091	126	800	NA
1091	126	850	NA
1091	126	900	NA
1091	126	950	NA
1091	126	1e3	NA
1091	126	1050	NA
1091	126	1100	NA
1091	126	1150	NA
1091	127	-200	NA
1091	127	-150	NA
1091	127	-100	NA
1091	127	-50	NA
1091	127	0	NA
1091	127	50	NA
1091	127	100	NA
1091	127	150	NA
1091	127	200	NA
1091	127	250	NA
1091	127	300	NA
1091	127	350	NA
1091	127	400	NA
1091	127	450	NA
1091	127	500	NA
1091	127	550	NA
1091	127	600	NA
1091	127	650	NA
1091	127	700	NA
1091	127	750	NA
1091	127	800	NA
1091	127	850	NA
1091	127	900	NA
1091	127	950	NA
1091	127	1e3	NA
1091	127	1050	NA
1091	127	1100	NA
1091	127	1150	NA
1091	128	-200	NA
1091	128	-150	NA
1091	128	-100	NA
1091	128	-50	NA
1091	128	0	NA
1091	128	50	NA
1091	128	100	NA
1091	128	150	NA
1091	128	200	NA
1091	128	250	NA
1091	128	300	NA
1091	128	350	NA
1091	128	400	NA
1091	128	450	NA
1091	128	500	NA
1091	128	550	NA
1091	128	600	NA
1091	128	650	NA
1091	128	700	NA
1091	128	750	NA
1091	128	800	NA
1091	128	850	NA
1091	128	900	NA
1091	128	950	NA
1091	128	1e3	NA
1091	128	1050	NA
1091	128	1100	NA
1091	128	1150	NA
1091	129	-200	NA
1091	129	-150	NA
1091	129	-100	NA
1091	129	-50	NA
1091	129	0	NA
1091	129	50	NA
1091	129	100	NA
1091	129	150	NA
1091	129	200	NA
1091	129	250	NA
1091	129	300	NA
1091	129	350	NA
1091	129	400	NA
1091	129	450	NA
1091	129	500	NA
1091	129	550	NA
1091	129	600	NA
1091	129	650	NA
1091	129	700	NA
1091	129	750	NA
1091	129	800	NA
1091	129	850	NA
1091	129	900	NA
1091	129	950	NA
1091	129	1e3	NA
1091	129	1050	NA
1091	129	1100	NA
1091	129	1150	NA
1091	130	-200	-0.02918231336405532
1091	130	-150	0.006823258064516224
1091	130	-100	0.0010702580645162534
1091	130	-50	0.02571742473118288
1091	130	0	4.3509139784947415e-4
1091	130	50	0.007139258064516207
1091	130	100	0.04228042473118291
1091	130	150	-0.18830174193548377
1091	130	200	NA
1091	130	250	NA
1091	130	300	NA
1091	130	350	NA
1091	130	400	NA
1091	130	450	-0.04283624193548374
1091	130	500	0.07729042473118282
1091	130	550	0.10949225806451628
1091	130	600	0.10334475806451615
1091	130	650	0.13413892473118283
1091	130	700	0.14030942473118282
1091	130	750	0.13894675806451615
1091	130	800	0.11503475806451606
1091	130	850	0.03405409139784954
1091	130	900	-0.008148075268817076
1091	130	950	-0.0805984086021505
1091	130	1e3	-0.13072940860215052
1091	130	1050	-0.1623920752688172
1091	130	1100	-0.18421007526881716
1091	130	1150	-0.2435049086021505
1091	131	-200	NA
1091	131	-150	NA
1091	131	-100	NA
1091	131	-50	NA
1091	131	0	NA
1091	131	50	NA
1091	131	100	NA
1091	131	150	NA
1091	131	200	NA
1091	131	250	NA
1091	131	300	NA
1091	131	350	NA
1091	131	400	NA
1091	131	450	NA
1091	131	500	NA
1091	131	550	NA
1091	131	600	NA
1091	131	650	NA
1091	131	700	NA
1091	131	750	NA
1091	131	800	NA
1091	131	850	NA
1091	131	900	NA
1091	131	950	NA
1091	131	1e3	NA
1091	131	1050	NA
1091	131	1100	NA
1091	131	1150	NA
1091	132	-200	NA
1091	132	-150	NA
1091	132	-100	NA
1091	132	-50	NA
1091	132	0	NA
1091	132	50	NA
1091	132	100	NA
1091	132	150	NA
1091	132	200	NA
1091	132	250	NA
1091	132	300	NA
1091	132	350	NA
1091	132	400	NA
1091	132	450	NA
1091	132	500	NA
1091	132	550	NA
1091	132	600	NA
1091	132	650	NA
1091	132	700	NA
1091	132	750	NA
1091	132	800	NA
1091	132	850	NA
1091	132	900	NA
1091	132	950	NA
1091	132	1e3	NA
1091	132	1050	NA
1091	132	1100	NA
1091	132	1150	NA
1091	133	-200	-0.006162747311828125
1091	133	-150	0.008241419354838544
1091	133	-100	0.014817919354838486
1091	133	-50	-0.020793413978494806
1091	133	0	0.0025232526881718473
1091	133	50	-0.007905247311828104
1091	133	100	0.012897586021505184
1091	133	150	0.032895086021505225
1091	133	200	0.027976619354838483
1091	133	250	0.04976070506912426
1091	133	300	0.07155701935483849
1091	133	350	0.08327456221198139
1091	133	400	0.09040541935483855
1091	133	450	0.1056937526881719
1091	133	500	0.11218625268817184
1091	133	550	0.11887591935483839
1091	133	600	0.10353458602150518
1091	133	650	0.10353641935483848
1091	133	700	0.10217661935483857
1091	133	750	0.11444541935483857
1091	133	800	0.011730086021505123
1091	133	850	-0.2766010806451614
1091	133	900	NA
1091	133	950	NA
1091	133	1e3	NA
1091	133	1050	NA
1091	133	1100	NA
1091	133	1150	NA
1091	134	-200	NA
1091	134	-150	NA
1091	134	-100	NA
1091	134	-50	NA
1091	134	0	NA
1091	134	50	NA
1091	134	100	NA
1091	134	150	NA
1091	134	200	NA
1091	134	250	NA
1091	134	300	NA
1091	134	350	NA
1091	134	400	NA
1091	134	450	NA
1091	134	500	NA
1091	134	550	NA
1091	134	600	NA
1091	134	650	NA
1091	134	700	NA
1091	134	750	NA
1091	134	800	NA
1091	134	850	NA
1091	134	900	NA
1091	134	950	NA
1091	134	1e3	NA
1091	134	1050	NA
1091	134	1100	NA
1091	134	1150	NA
1091	135	-200	NA
1091	135	-150	NA
1091	135	-100	NA
1091	135	-50	NA
1091	135	0	NA
1091	135	50	NA
1091	135	100	NA
1091	135	150	NA
1091	135	200	NA
1091	135	250	NA
1091	135	300	NA
1091	135	350	NA
1091	135	400	NA
1091	135	450	NA
1091	135	500	NA
1091	135	550	NA
1091	135	600	NA
1091	135	650	NA
1091	135	700	NA
1091	135	750	NA
1091	135	800	NA
1091	135	850	NA
1091	135	900	NA
1091	135	950	NA
1091	135	1e3	NA
1091	135	1050	NA
1091	135	1100	NA
1091	135	1150	NA
1091	136	-200	NA
1091	136	-150	0.04758265217391298
1091	136	-100	-0.007885847826087033
1091	136	-50	0.008311152173912983
1091	136	0	-0.04007751449275365
1091	136	50	-0.05986868115942031
1091	136	100	-0.04082534782608708
1091	136	150	-0.05604634782608694
1091	136	200	-0.054384681159420335
1091	136	250	-0.03888168115942037
1091	136	300	-0.027263014492753774
1091	136	350	-0.029091847826086942
1091	136	400	-0.03089501449275363
1091	136	450	-0.021363847826086985
1091	136	500	-0.02494018115942039
1091	136	550	-0.037458347826087035
1091	136	600	-0.22127934782608705
1091	136	650	NA
1091	136	700	NA
1091	136	750	NA
1091	136	800	NA
1091	136	850	NA
1091	136	900	NA
1091	136	950	NA
1091	136	1e3	NA
1091	136	1050	NA
1091	136	1100	NA
1091	136	1150	0.44437865217391304
1091	137	-200	NA
1091	137	-150	NA
1091	137	-100	NA
1091	137	-50	NA
1091	137	0	NA
1091	137	50	NA
1091	137	100	NA
1091	137	150	NA
1091	137	200	NA
1091	137	250	NA
1091	137	300	NA
1091	137	350	NA
1091	137	400	NA
1091	137	450	NA
1091	137	500	NA
1091	137	550	NA
1091	137	600	NA
1091	137	650	NA
1091	137	700	NA
1091	137	750	NA
1091	137	800	NA
1091	137	850	NA
1091	137	900	NA
1091	137	950	NA
1091	137	1e3	NA
1091	137	1050	NA
1091	137	1100	NA
1091	137	1150	NA
1091	138	-200	0.020831161290322635
1091	138	-150	0.01717266129032269
1091	138	-100	-0.007448672043010622
1091	138	-50	-0.010046672043010648
1091	138	0	-0.02398033870967738
1091	138	50	-0.024603672043010727
1091	138	100	-0.031196172043010655
1091	138	150	-0.017604672043010677
1091	138	200	-0.029397672043010765
1091	138	250	-0.019614172043010598
1091	138	300	0.012017661290322593
1091	138	350	0.009709161290322621
1091	138	400	0.020124661290322605
1091	138	450	0.04976182795698936
1091	138	500	0.04407249462365607
1091	138	550	0.09195699462365603
1091	138	600	0.13002116129032268
1091	138	650	0.18779566129032274
1091	138	700	0.2313623279569894
1091	138	750	0.24620632795698935
1091	138	800	0.2745579612903227
1091	138	850	0.23101799462365605
1091	138	900	0.28983782795698926
1091	138	950	0.21528799462365603
1091	138	1e3	0.23912682795698936
1091	138	1050	0.190309494623656
1091	138	1100	0.21082732795698936
1091	138	1150	0.1770735612903227
1091	139	-200	NA
1091	139	-150	NA
1091	139	-100	NA
1091	139	-50	NA
1091	139	0	NA
1091	139	50	NA
1091	139	100	NA
1091	139	150	NA
1091	139	200	NA
1091	139	250	NA
1091	139	300	NA
1091	139	350	NA
1091	139	400	NA
1091	139	450	NA
1091	139	500	NA
1091	139	550	NA
1091	139	600	NA
1091	139	650	NA
1091	139	700	NA
1091	139	750	NA
1091	139	800	NA
1091	139	850	NA
1091	139	900	NA
1091	139	950	NA
1091	139	1e3	NA
1091	139	1050	NA
1091	139	1100	NA
1091	139	1150	NA
1091	140	-200	0.017488737327189
1091	140	-150	0.014007118279569944
1091	140	-100	0.00787411827957
1091	140	-50	-0.02583771505376335
1091	140	0	-0.016447048387096725
1091	140	50	-0.0034418817204299548
1091	140	100	-0.01945121505376335
1091	140	150	-0.03837938172043002
1091	140	200	-0.027207048387096682
1091	140	250	-0.04685504838709664
1091	140	300	-0.08110154838709656
1091	140	350	-0.0708532150537633
1091	140	400	-0.1356030483870967
1091	140	450	-0.12400138172042996
1091	140	500	-0.10390454838709662
1091	140	550	-0.13768771505376334
1091	140	600	-0.12234121505376327
1091	140	650	-0.10479504838709659
1091	140	700	-0.08649671505376329
1091	140	750	-0.04374504838709662
1091	140	800	-0.016388715053763308
1091	140	850	-0.016361215053763385
1091	140	900	-0.011660048387096703
1091	140	950	0.01227695161290332
1091	140	1e3	0.007119284946236704
1091	140	1050	0.031910618279570015
1091	140	1100	0.04493761827956999
1091	140	1150	0.05885761827956992
