Subject ,Condition,Age,Gender,Date,Time,Experiment
845,2,19,F,10/3/2017,12:15 PM,1
846,3,18,F,10/4/2017,10:00 AM,1
847,1,18,F,10/4/2017,11:30 AM,1
848,2,19,F,10/5/2017,10:00 AM,1
849,3,18,M,10/5/2017,12:15 PM,1
850,1,19,F,10/5/2017,4:00 PM,1
851,2,20,F,10/6/2017,12:15 PM,1
852,3,23,F,10/6/2017,1:15 PM,1
853,1,18,F,10/6/2017,2:15 PM,1
854,2,19,M,10/6/2017,4:15 PM,1
855,3,21,M,10/9/2017,10:00 AM,1
856,1,20,F,10/9/2017,1:00 PM,1
857,2,19,M,10/9/2017,1:45 PM,1
858,3,18,F,10/9/2017,2:45 PM,1
859,1,20,F,10/9/2017,3:45 PM,1
860,1,18,F,10/10/2017,10:00 AM,1
861,3,18,M,10/10/2017,11:00 AM,1
862,1,18,F,10/10/2017,12:15 PM,1
863,2,18,F,10/10/2017,3:00 PM,1
864,3,18,F,10/10/2017,4:00 PM,1
865,1,18,M,10/11/2017,11:00 AM,1
866,2,19,M,10/11/2017,1:00 PM,1
867,3,20,F,10/11/2017,3:00 PM,1
868,1,18,F,10/11/2017,4:00 PM,1
869,2,18,F,10/12/2017,10:00 AM,1
870,3,18,F,10/12/2017,11:00 AM,1
871,1,18,M,10/12/2017,12:00 PM,1
872,2,19,F,10/12/2017,1:00 PM,1
873,3,19,F,10/12/2017,2:00 PM,1
874,1,18,F,10/12/2017,3:00 PM,1
875,2,18,M,10/12/2017,4:00 PM,1
876,3,18,F,10/13/2017,12:00 PM,1
877,1,18,M,10/13/2017,1:00 PM,1
878,2,19,F,10/13/2017,2:00 PM,1
879,3,21,F,10/13/2017,3:00 PM,1
880,1,19,F,10/13/2017,4:00 PM,1
881,2,26,M,10/16/2017,11:00 AM,1
882,3,18,M,10/16/2017,12:00 PM,1
883,1,20,M,10/16/2017,1:00 PM,1
884,2,18,M,10/16/2017,3:00 PM,1
885,3,18,F,10/17/2017,10:00 AM,1
886,2,18,F,10/17/2017,11:00 AM,1
887,1,21,M,10/17/2017,12:00 PM,1
888,2,19,F,10/17/2017,1:00 PM,1
889,3,18,F,10/17/2017,2:00 PM,1
890,1,18,F,10/17/2017,3:00 PM,1
891,2,18,F,10/17/2017,4:00 PM,1
892,3,18,F,10/18/2017,10:00 AM,1
893,1,18,F,10/18/2017,11:00 AM,1
894,2,22,M,10/18/2017,1:00 PM,1
895,3,20,F,10/18/2017,4:00 PM,1
896,1,18,M,10/19/2017,10:00 AM,1
897,2,20,M,10/19/2017,11:00 AM,1
898,3,20,F,10/19/2017,12:00 PM,1
899,1,18,M,10/19/2017,1:00 PM,1
900,2,18,F,10/19/2017,3:00 PM,1
901,3,22,M,10/19/2017,4:00 PM,1
902,1,19,F,10/20/2017,10:00 AM,1
903,2,19,F,10/20/2017,11:00 AM,1
904,3,18,F,10/20/2017,12:00 PM,1
905,1,18,F,10/20/2017,1:00 PM,1
906,2,19,M,10/20/2017,2:00 PM,1
907,3,20,F,10/20/2017,3:00 PM,1
908,1,19,F,10/20/2017,4:00 PM,1
909,2,24,F,10/23/2017,10:00 AM,1
910,3,20,F,10/23/2017,11:00 AM,1
911,1,19,F,10/23/2017,12:00 PM,1
912,2,18,F,10/23/2017,1:00 PM,1
913,3,18,M,10/23/2017,2:00 PM,1
914,1,20,F,10/23/2017,3:00 PM,1
915,2,19,M,10/24/2017,10:00 AM,1
916,3,18,F,10/24/2017,11:00 AM,1
917,1,18,F,10/24/2017,12:00 PM,1
918,2,19,F,10/24/2017,1:00 PM,1
919,3,19,F,10/24/2017,2:00 PM,1
920,1,19,M,10/24/2017,3:00 PM,1
921,2,18,F,10/24/2017,4:00 PM,1
922,3,20,F,10/25/2017,12:00 PM,1
923,1,19,F,10/25/2017,1:00 PM,1
924,2,19,M,10/25/2017,2:00 PM,1
925,3,18,F,10/25/2017,3:00 PM,1
926,1,18,F,10/25/2017,4:00 PM,1
927,2,18,M,10/26/2017,10:00 AM,1
928,3,18,F,10/26/2017,11:00 AM,1
929,1,19,F,10/26/2017,12:00 PM,1
930,2,18,F,10/26/2017,1:00 PM,1
931,3,20,F,10/26/2017,2:00 PM,1
932,1,19,F,10/30/2017,11:00 AM,1
933,2,19,F,10/30/2017,1:00 PM,1
934,2,20,M,10/30/2017,2:00 PM,1
935,1,21,M,10/31/2017,2:00 PM,1
936,3,18,F,10/31/2017,4:00 PM,1
937,3,21,F,11/1/2017,2:00 PM,1
938,1,19,F,11/1/2017,4:00 PM,1
939,2,18,F,11/2/2017,10:00 AM,1
940,3,18,F,11/2/2017,11:00 AM,1
941,1,18,M,11/2/2017,1:00 PM,1
942,2,18,F,11/2/2017,4:00 PM,1
943,3,18,F,11/3/2017,10:00 AM,1
944,1,19,F,11/3/2017,2:00 PM,1
945,2,32,F,11/3/2017,3:00 PM,1
946,3,19,F,11/7/2017,10:00 AM,1
947,1,20,M,11/7/2017,2:00 PM,1
948,2,24,F,11/8/2017,10:00 AM,1
949,3,18,F,11/8/2017,11:00 AM,1
951,2,18,F,11/8/2017,4:00 PM,2
953,4,19,F,11/14/2017,10:00 AM,2
955,4,20,F,11/14/2017,12:00 PM,2
957,2,22,M,11/14/2017,4:00 PM,2
959,4,19,F,11/15/2017,10:00 AM,2
961,2,22,F,11/15/2017,12:00 PM,2
963,4,20,M,11/15/2017,2:00 PM,2
965,2,19,F,11/15/2017,4:00 PM,2
969,2,21,F,11/16/2017,1:00 PM,2
971,4,20,F,11/16/2017,3:00 PM,2
973,2,19,M,11/17/2017,9:00 AM,2
975,4,19,F,11/17/2017,11:00 AM,2
977,2,20,M,11/17/2017,2:00 PM,2
979,4,19,M,11/17/2017,4:00 PM,2
981,2,18,F,11/20/2017,10:00 AM,2
983,4,18,F,11/20/2017,12:00 PM,2
985,2,19,M,11/20/2017,2:00 PM,2
987,4,18,F,11/21/2017,9:00 AM,2
989,2,26,M,11/21/2017,11:00 AM,2
991,4,20,F,11/21/2017,1:00 PM,2
993,2,20,F,11/21/2017,4:00 PM,2
995,4,18,M,11/22/2017,11:00 AM,2
997,2,18,M,11/27/2017,11:00 AM,2
999,4,19,M,11/27/2017,2:00 PM,2
1001,2,20,M,11/28/2017,9:00 AM,2
1003,4,21,M,11/28/2017,11:00 AM,2
1005,2,19,M,11/28/2017,1:00 PM,2
1007,4,18,F,11/29/2017,9:00 AM,2
1013,2,18,F,11/30/2017,9:00 AM,2
1015,4,19,F,11/30/2017,11:00 AM,2
1017,2,18,F,11/30/2017,1:00 PM,2
1019,4,20,M,12/1/2017,2:00 PM,2
1020,1,19,F,12/1/2017,3:00 PM,2
1021,2,18,M,12/1/2017,4:00 PM,2
1022,3,19,F,12/4/2017,9:00 AM,2
1023,4,19,F,12/4/2017,10:00 AM,2
1024,1,19,M,12/4/2017,11:00 AM,2
1025,2,19,M,12/4/2017,2:00 PM,2
1027,4,19,M,12/5/2017,11:00 AM,2
1028,1,18,M,12/5/2017,12:00 PM,2
1029,2,18,M,12/5/2017,2:00 PM,2
1030,3,18,M,12/5/2017,3:00 PM,2
1031,4,20,F,12/5/2017,4:00 PM,2
1032,1,18,F,12/6/2017,9:00 AM,2
1033,2,18,F,12/6/2017,10:00 AM,2
1034,3,19,M,12/6/2017,1:00 PM,2
1035,4,18,F,12/6/2017,2:00 PM,2
1036,1,18,F,12/6/2017,3:00 PM,2
1037,2,18,M,12/6/2017,4:00 PM,2
1038,3,18,F,12/6/2017,5:00 PM,2
1039,4,19,M,12/7/2017,9:00 AM,2
1040,1,19,M,12/7/2017,10:00 AM,2
1041,2,18,F,12/7/2017,11:00 AM,2
1042,3,24,M,12/7/2017,12:00 PM,2
1043,4,19,F,12/7/2017,1:00 PM,2
1045,2,20,M,12/8/2017,9:00 AM,2
1046,3,19,M,12/8/2017,10:00 AM,2
1047,4,21,M,12/8/2017,12:00 PM,2
1048,1,21,F,12/8/2017,1:00 PM,2
1049,2,21,M,12/8/2017,2:00 PM,2
1050,3,19,F,12/8/2017,3:00 PM,2
1051,4,20,F,12/8/2017,4:00 PM,2
1052,1,18,M,1/10/2018,9:00 AM,2
1053,2,20,M,1/10/2018,10:00 AM,2
1054,3,19,F,1/10/2018,11:00 AM,2
1055,4,25,M,1/10/2018,12:00 PM,2
1056,1,21,F,1/10/2018,1:00 PM,2
1057,2,36,F,1/10/2018,3:00 PM,2
1058,3,18,M,1/11/2018,4:00 PM,2
1059,4,19,F,1/11/2018,12:00 PM,2
1060,1,18,F,1/11/2018,1:00 PM,2
1061,2,22,F,1/11/2018,2:00 PM,2
1062,3,21,F,1/11/2018,3:00 PM,2
1063,4,20,F,1/12/2018,9:00 AM,2
1064,1,24,M,1/12/2018,10:00 AM,2
1065,2,18,F,1/12/2018,11:00 AM,2
1066,3,19,F,1/12/2018,12:00 PM,2
1067,4,18,F,1/12/2018,1:00 PM,2
1068,1,19,F,1/12/2018,2:00 PM,2
1069,2,18,M,1/12/2018,3:00 PM,2
1070,3,19,F,1/12/2018,4:00 PM,2
1071,4,18,F,1/16/2018,9:00 AM,2
1072,1,21,F,1/16/2018,10:00 AM,2
1073,3,19,F,1/16/2018,11:00 AM,2
1074,3,22,M,1/16/2018,12:00 PM,2
1075,4,18,M,1/16/2018,1:00 PM,2
1076,1,19,M,1/16/2018,2:00 PM,2
1077,2,19,F,1/16/2018,4:00 PM,2
1078,3,22,F,1/17/2018,10:00 AM,2
1079,4,18,F,1/18/2018,9:00 AM,2
1080,1,18,F,1/18/2018,10:00 AM,2
1081,2,31,M,1/18/2018,11:00 AM,2
1082,3,20,,1/18/2018,1:00 PM,2
1083,4,18,F,1/18/2018,2:00 PM,2
1084,1,21,F,1/18/2018,3:00 PM,2
1085,2,19,F,1/18/2018,4:00 PM,2
1086,3,19,F,1/19/2018,9:00 AM,2
1087,4,26,F,1/19/2018,10:00 AM,2
1088,1,18,F,1/19/2018,11:00 AM,2
1089,2,19,F,1/19/2018,12:00 PM,2
1090,3,19,F,1/19/2018,1:00 PM,2
1091,4,18,F,1/19/2018,2:00 PM,2
1092,1,18,M,1/19/2018,3:00 PM,2
1093,2,18,F,1/19/2018,4:00 PM,2
1094,3,18,F,1/22/2018,10:00 AM,2
1095,1,19,F,1/22/2018,11:00 AM,2
1096,3,19,F,1/22/2018,12:00 PM,2
1097,1,22,M,1/22/2018,1:00 PM,2
1098,3,19,F,1/22/2018,2:00 PM,2
1099,1,20,F,1/22/2018,4:00 PM,2
1100,3,19,F,1/23/2018,10:00 AM,2
1101,1,20,F,1/23/2018,11:00 AM,2
1102,3,23,F,1/23/2018,12:00 PM,2
1103,1,18,M,1/23/2018,1:00 PM,2
1104,3,18,F,1/23/2018,2:00 PM,2
1105,1,19,F,1/23/2018,3:00 PM,2
1106,3,19,F,1/23/2018,4:00 PM,2
1107,1,19,F,1/24/2018,2:00 PM,2
1108,3,20,F,1/24/2018,3:00 PM,2
1109,1,19,F,1/24/2018,4:00 PM,2
1110,3,19,M,1/25/2018,9:00 AM,2
1111,1,19,F,1/25/2018,10:00 AM,2
1112,1,19,F,1/25/2018,11:00 AM,2
1113,1,23,M,1/25/2018,1:00 PM,2
1114,3,20,F,1/25/2018,2:00 PM,2
1115,3,20,M,1/25/2018,4:00 PM,2
1116,3,19,F,1/26/2018,12:00 PM,2
1117,1,20,F,1/26/2018,2:00 PM,2
1118,3,18,F,1/26/2018,4:00 PM,2
1119,1,18,M,1/29/2018,10:00 AM,2
1120,3,19,M,1/30/2018,10:00 AM,2
1121,1,20,F,1/30/2018,12:00 PM,2
1122,3,18,F,1/30/2018,4:00 PM,2
1123,1,20,F,1/31/2018,9:00 AM,2
1124,3,19,F,1/31/2018,10:00 AM,2
1125,1,19,F,1/31/2018,2:00 PM,2
1126,3,19,F,2/1/2018,9:00 AM,2
1127,1,18,M,2/1/2018,11:00 AM,2
1128,2,19,F,2/1/2018,12:00 PM,2
1129,1,21,M,2/1/2018,1:00 PM,3
1130,2,18,F,2/1/2018,2:00 PM,3
1131,3,20,F,2/1/2018,3:00 PM,3
1132,1,19,M,2/1/2018,4:00 PM,3
1133,2,18,F,2/2/2018,9:00 AM,3
1134,3,20,F,2/2/2018,10:00 AM,3
1135,1,19,M,2/2/2018,11:00 AM,3
1136,2,20,F,2/2/2018,12:00 PM,3
1137,3,19,M,2/2/2018,2:00 PM,3
1138,2,33,F,2/2/2018,3:00 PM,3
1139,1,19,F,2/2/2018,4:00 PM,3
1140,3,21,F,2/5/2018,10:00 AM,3
1141,1,18,F,2/5/2018,11:00 AM,3
1142,2,19,M,2/5/2018,1:00 PM,3
1143,3,18,M,2/5/2018,2:00 PM,3
1144,1,20,F,2/5/2018,4:00 PM,3
1145,2,18,F,2/6/2018,9:00 AM,3
1146,3,18,F,2/6/2018,9:45 AM,3
1147,1,19,F,2/6/2018,10:30 AM,3
1148,2,19,M,2/6/2018,11:15 AM,3
1149,3,18,M,2/6/2018,12:00 PM,3
1150,1,18,F,2/6/2018,12:45 PM,3
1151,2,19,F,2/6/2018,1:30 PM,3
1152,3,19,M,2/6/2018,2:15 PM,3
1153,1,18,M,2/6/2018,3:00 PM,3
1154,2,19,M,2/6/2018,3:45 PM,3
1155,3,19,M,2/7/2018,9:00 AM,3
1156,1,18,F,2/7/2018,9:45 AM,3
1157,2,19,F,2/7/2018,10:30 AM,3
1158,3,18,M,2/7/2018,11:15 AM,3
1159,1,18,F,2/7/2018,12:00 PM,3
1160,2,19,F,2/7/2018,12:45 PM,3
1161,3,18,M,2/7/2018,2:15 PM,3
1162,1,22,M,2/7/2018,3:00 PM,3
1163,2,22,M,2/7/2018,3:45 PM,3
1164,3,20,M,2/7/2018,4:30 PM,3
1165,1,20,M,2/8/2018,9:00 AM,3
1166,2,18,M,2/8/2018,9:45 AM,3
1167,3,19,M,2/8/2018,10:30 AM,3
1168,1,19,M,2/8/2018,11:15 AM,3
1169,2,19,M,2/8/2018,12:00 PM,3
1170,3,18,F,2/8/2018,12:45 PM,3
1171,1,19,F,2/8/2018,1:30 PM,3
1172,2,19,M,2/8/2018,2:15 PM,3
1173,3,18,F,2/8/2018,3:00 PM,3
1174,1,18,F,2/8/2018,3:45 PM,3
1175,2,18,F,2/8/2018,4:30 PM,3
1176,3,19,F,2/9/2018,12:00 PM,3
1177,1,19,M,2/9/2018,12:45 PM,3
1178,2,18,F,2/9/2018,1:30 PM,3
1179,3,19,F,2/9/2018,2:00 PM,3
1180,1,19,F,2/9/2018,2:45 PM,3
1181,2,20,M,2/9/2018,3:30 PM,3
1182,3,18,M,2/9/2018,4:00 PM,3
1183,1,19,M,2/12/2018,9:00 AM,3
1184,2,18,F,2/12/2018,10:45 AM,3
1185,3,20,F,2/12/2018,4:30 PM,3
1186,1,19,F,2/13/2018,10:30 AM,3
1187,2,31,F,2/14/2018,12:00 PM,3
1188,3,19,F,2/14/2018,2:00 PM,3
1189,1,19,F,2/14/2018,3:45 PM,3
1190,2,19,F,2/15/2018,12:00 PM,3
1191,3,19,F,2/21/2018,11:15 AM,3
1192,1,21,F,2/23/2018,9:45 AM,3
1193,2,20,F,2/26/2018,1:30 PM,3
1194,3,18,F,2/27/2018,11:15 AM,3
1195,1,18,M,2/27/2018,1:30 PM,3
1196,2,20,F,2/28/2018,12:00 PM,3
1197,3,19,Other,2/28/2018,2:15 PM,3
1198,1,18,F,3/1/2018,11:15 AM,3
1199,2,18,M,3/1/2018,12:00 PM,3
1200,3,20,M,3/1/2018,12:45 PM,3
1201,1,21,M,3/1/2018,3:45 PM,3
1202,2,22,F,3/2/2018,2:15 PM,3
1203,3,,F,3/5/2018,9:00 AM,3
1204,1,19,F,3/5/2018,12:45 PM,3
1205,2,18,F,3/5/2018,2:15 PM,3
1206,3,18,F,3/6/2018,10:30 AM,3
1207,1,19,F,3/6/2018,11:15 AM,3
1208,2,23,M,3/6/2018,12:00 PM,3
1209,3,18,F,3/6/2018,1:30 PM,3
1210,1,20,F,3/7/2018,12:45 PM,3
1211,2,19,F,3/7/2018,2:15 PM,3
1212,3,18,F,3/8/2018,11:30 AM,3
1213,1,18,F,3/8/2018,12:00 PM,3
1214,2,18,F,3/8/2018,2:15 PM,3
1215,3,19,M,3/8/2018,3:45 PM,3
1216,1,22,M,3/9/2018,12:45 PM,3
1217,2,21,M,3/9/2018,3:00 PM,3
1218,3,18,M,3/12/2018,9:45 AM,3
1219,1,19,F,3/12/2018,10:30 AM,3
1220,2,19,M,3/12/2018,11:15 AM,3
1221,3,20,M,3/12/2018,12:00 PM,3
1222,1,18,F,3/13/2018,9:45 AM,3
1223,2,20,M,3/13/2018,10:30 AM,3
1224,3,20,F,3/13/2018,12:45 PM,3
1225,1,20,F,3/13/2018,1:30 PM,3
1226,2,20,F,3/13/2018,3:00 PM,3
1227,3,19,M,3/14/2018,9:00 AM,3
1228,1,19,F,3/14/2018,9:45 AM,3
1229,2,19,F,3/14/2018,10:30 AM,3
1230,3,20,F,3/14/2018,11:30 AM,3
1231,1,23,M,3/14/2018,12:00 PM,3
1232,2,18,F,3/14/2018,1:00 PM,3
1233,1,18,M,3/14/2018,4:30 PM,3
1234,1,18,M,3/14/2018,4:30 PM,3
1235,2,18,M,3/15/2018,9:00 AM,3
1236,3,19,F,3/15/2018,10:30 AM,3
1237,2,19,F,3/15/2018,11:15 AM,3
1238,2,20,F,3/15/2018,12:45 PM,3
1239,2,18,F,3/15/2018,1:30 PM,3
1240,1,19,F,3/15/2018,2:15 PM,3
1241,3,19,F,3/15/2018,3:00 PM,3
1242,3,18,M,3/15/2018,3:45 PM,3
1243,1,19,F,3/15/2018,4:30 PM,3
1244,2,20,M,3/16/2018,9:00 AM,3
1245,3,21,F,3/16/2018,10:00 AM,3
1246,1,18,F,3/16/2018,10:30 AM,3
